t,T_true,T_meas,T_out,setpoint,heater,error,T_pred,lower,upper
0.0,19.0,19.2,8.0,21.0,0,1.8000000000000007,19.2,20.5,21.5
1.0,18.9978,19.198900000000002,8.001163552572116,21.0,0,1.8010999999999981,19.198900000000002,20.5,21.5
2.0,18.995600672710516,19.19780022423684,8.00232710356895,21.0,0,1.8021997757631603,19.19780022423684,20.5,21.5
3.0,18.993402017996686,19.1967006726768,8.003490651415223,21.0,0,1.8032993273231988,19.1967006726768,20.5,21.5
4.0,18.99120403572337,19.195601345286114,8.00465419453566,21.0,0,1.8043986547138857,19.195601345286114,20.5,21.5
5.0,18.989006725755132,19.193402690437143,8.005817731354993,21.0,0,1.8065973095628571,19.193402690437143,20.5,21.5
6.0,18.98681008795625,19.19120470802839,8.006981260297962,21.0,0,1.8087952919716095,19.19120470802839,20.5,21.5
7.0,18.98461412219072,19.189007397924435,8.008144779789315,21.0,0,1.8109926020755651,19.189007397924435,20.5,21.5
8.0,18.98241882832224,19.186810759989545,8.009308288253816,21.0,0,1.8131892400104554,19.186810759989545,20.5,21.5
9.0,18.980224206214224,19.184614794087715,8.010471784116246,21.0,0,1.8153852059122855,19.184614794087715,20.5,21.5
10.0,18.978030255729806,19.18241950008265,8.011635265801397,21.0,0,1.8175804999173515,19.18241950008265,20.5,21.5
11.0,18.97583697673182,19.180224877837762,8.012798731734085,21.0,0,1.8197751221622376,19.180224877837762,20.5,21.5
12.0,18.97364436908282,19.17803092721618,8.013962180339146,21.0,0,1.8219690727838191,19.17803092721618,20.5,21.5
13.0,18.97145243264507,19.175837648080748,8.015125610041437,21.0,0,1.8241623519192522,19.175837648080748,20.5,21.5
14.0,18.96926116728055,19.173645040294012,8.016289019265846,21.0,0,1.8263549597059878,19.173645040294012,20.5,21.5
15.0,18.967070572850947,19.171453103718243,8.017452406437284,21.0,0,1.8285468962817575,19.171453103718243,20.5,21.5
16.0,18.964880649217665,19.169261838215412,8.018615769980693,21.0,0,1.8307381617845877,19.169261838215412,20.5,21.5
17.0,18.96269139624182,19.167071243647207,8.019779108321048,21.0,0,1.8329287563527927,19.167071243647207,20.5,21.5
18.0,18.960502813784235,19.164881319875043,8.020942419883356,21.0,0,1.8351186801249568,19.164881319875043,20.5,21.5
19.0,18.958314901705453,19.162692066760023,8.022105703092665,21.0,0,1.8373079332399769,19.162692066760023,20.5,21.5
20.0,18.956127659865732,19.16050348416298,8.023268956374057,21.0,0,1.8394965158370198,19.16050348416298,20.5,21.5
21.0,18.953941088125035,19.158315571944453,8.024432178152653,21.0,0,1.8416844280555473,19.158315571944453,20.5,21.5
22.0,18.95175518634304,19.156128329964695,8.025595366853622,21.0,0,1.8438716700353055,19.156128329964695,20.5,21.5
23.0,18.94956995437914,19.153941758083675,8.026758520902176,21.0,0,1.8460582419163245,19.153941758083675,20.5,21.5
24.0,18.947385392092443,19.151755856161074,8.02792163872357,21.0,0,1.8482441438389259,19.151755856161074,20.5,21.5
25.0,18.94520149934177,19.14957062405628,8.029084718743112,21.0,0,1.850429375943719,19.14957062405628,20.5,21.5
26.0,18.94301827598565,19.147386061628403,8.03024775938616,21.0,0,1.8526139383715972,19.147386061628403,20.5,21.5
27.0,18.94083572188233,19.14520216873626,8.031410759078128,21.0,0,1.8547978312637383,19.14520216873626,20.5,21.5
28.0,18.93865383688977,19.14301894523839,8.032573716244482,21.0,0,1.8569810547616115,19.14301894523839,20.5,21.5
29.0,18.93647262086564,19.14083639099303,8.033736629310743,21.0,0,1.8591636090069699,19.14083639099303,20.5,21.5
30.0,18.93429207366733,19.138654505858142,8.0348994967025,21.0,0,1.8613454941418581,19.138654505858142,20.5,21.5
31.0,18.932112195151937,19.1364732896914,8.036062316845399,21.0,0,1.8635267103086015,19.1364732896914,20.5,21.5
32.0,18.929932985176276,19.134292742350187,8.037225088165146,21.0,0,1.865707257649813,19.134292742350187,20.5,21.5
33.0,18.927754443596875,19.132112863691606,8.03838780908752,21.0,0,1.8678871363083935,19.132112863691606,20.5,21.5
34.0,18.925576570269975,19.129933653572472,8.039550478038365,21.0,0,1.870066346427528,19.129933653572472,20.5,21.5
35.0,18.92339936505153,19.12775511184931,8.040713093443596,21.0,0,1.8722448881506892,19.12775511184931,20.5,21.5
36.0,18.92122282779721,19.125577238378366,8.0418756537292,21.0,0,1.8744227616216342,19.125577238378366,20.5,21.5
37.0,18.919046958362394,19.12340003301559,8.043038157321238,21.0,0,1.8765999669844113,19.12340003301559,20.5,21.5
38.0,18.916871756602184,19.12122349561665,8.04420060264585,21.0,0,1.8787765043833495,19.12122349561665,20.5,21.5
39.0,18.914697222371395,19.119047626036934,8.045362988129254,21.0,0,1.8809523739630656,19.119047626036934,20.5,21.5
40.0,18.912523355524545,19.116872424131536,8.046525312197746,21.0,0,1.883127575868464,19.116872424131536,20.5,21.5
41.0,18.91035015591588,19.11469788975527,8.047687573277711,21.0,0,1.88530211024473,19.11469788975527,20.5,21.5
42.0,18.90817762339935,19.112524022762663,8.048849769795613,21.0,0,1.8874759772373366,19.112524022762663,20.5,21.5
43.0,18.90600575782863,19.110350823007956,8.050011900178008,21.0,0,1.8896491769920445,19.110350823007956,20.5,21.5
44.0,18.9038345590571,19.108178290345094,8.05117396285154,21.0,0,1.8918217096549057,19.108178290345094,20.5,21.5
45.0,18.90166402693786,19.106006424627758,8.052335956242944,21.0,0,1.8939935753722423,19.106006424627758,20.5,21.5
46.0,18.89949416132372,19.103835225709325,8.05349787877905,21.0,0,1.8961647742906749,19.103835225709325,20.5,21.5
47.0,18.89732496206721,19.101664693442892,8.054659728886781,21.0,0,1.898335306557108,19.101664693442892,20.5,21.5
48.0,18.895156429020574,19.099494827681283,8.055821504993164,21.0,0,1.9005051723187165,19.099494827681283,20.5,21.5
49.0,18.892988562035768,19.09732562827702,8.05698320552532,21.0,0,1.9026743717229806,19.09732562827702,20.5,21.5
50.0,18.890821360964466,19.095157095082342,8.058144828910477,21.0,0,1.9048429049176576,19.095157095082342,20.5,21.5
51.0,18.888654825658055,19.09298922794921,8.059306373575962,21.0,0,1.9070107720507892,19.09298922794921,20.5,21.5
52.0,18.88648895596764,19.090822026729295,8.060467837949215,21.0,0,1.9091779732707046,19.090822026729295,20.5,21.5
53.0,18.884323751744034,19.08865549127399,8.06162922045778,21.0,0,1.9113445087260104,19.08865549127399,20.5,21.5
54.0,18.882159212837777,19.08648962143439,8.062790519529313,21.0,0,1.9135103785656113,19.08648962143439,20.5,21.5
55.0,18.879995339099114,19.084324417061318,8.063951733591585,21.0,0,1.9156755829386825,19.084324417061318,20.5,21.5
56.0,18.877832130378014,19.08215987800531,8.06511286107248,21.0,0,1.91784012199469,19.08215987800531,20.5,21.5
57.0,18.875669586524154,19.079996004116616,8.0662739004,21.0,0,1.920003995883384,19.079996004116616,20.5,21.5
58.0,18.873507707386928,19.077832795245193,8.067434850002265,21.0,0,1.9221672047548068,19.077832795245193,20.5,21.5
59.0,18.87134649281545,19.075670251240727,8.068595708307518,21.0,0,1.9243297487592734,19.075670251240727,20.5,21.5
60.0,18.86918594265855,19.073508371952613,8.069756473744125,21.0,0,1.926491628047387,19.073508371952613,20.5,21.5
61.0,18.867026056764768,19.071347157229965,8.070917144740578,21.0,0,1.9286528427700347,19.071347157229965,20.5,21.5
62.0,18.86486683498236,19.06918660692161,8.072077719725497,21.0,0,1.9308133930783917,19.06918660692161,20.5,21.5
63.0,18.86270827715931,19.067026720876086,8.073238197127631,21.0,0,1.9329732791239138,19.067026720876086,20.5,21.5
64.0,18.860550383143305,19.06486749894166,8.074398575375863,21.0,0,1.935132501058341,19.06486749894166,20.5,21.5
65.0,18.85839315278175,19.062708940966296,8.075558852899208,21.0,0,1.9372910590337042,19.062708940966296,20.5,21.5
66.0,18.856236585921774,19.060551046797695,8.076719028126819,21.0,0,1.9394489532023051,19.060551046797695,20.5,21.5
67.0,18.854080682410217,19.058393816283267,8.077879099487985,21.0,0,1.9416061837167327,19.058393816283267,20.5,21.5
68.0,18.851925442093634,19.056237249270133,8.079039065412141,21.0,0,1.9437627507298672,19.056237249270133,20.5,21.5
69.0,18.849770864818296,19.054081345605134,8.080198924328858,21.0,0,1.945918654394866,19.054081345605134,20.5,21.5
70.0,18.847616950430197,19.05192610513482,8.081358674667857,21.0,0,1.9480738948651783,19.05192610513482,20.5,21.5
71.0,18.845463698775045,19.04977152770548,8.082518314859005,21.0,0,1.9502284722945191,19.04977152770548,20.5,21.5
72.0,18.843311109698263,19.04761761316309,8.083677843332316,21.0,0,1.9523823868369092,19.04761761316309,20.5,21.5
73.0,18.84115918304499,19.04546436135336,8.084837258517956,21.0,0,1.9545356386466395,19.04546436135336,20.5,21.5
74.0,18.839007918660084,19.04331177212172,8.085996558846244,21.0,0,1.9566882278782813,19.04331177212172,20.5,21.5
75.0,18.83685731638812,19.041159845313302,8.087155742747658,21.0,0,1.9588401546866976,19.041159845313302,20.5,21.5
76.0,18.834707376073393,19.03900858077297,8.08831480865283,21.0,0,1.9609914192270317,19.03900858077297,20.5,21.5
77.0,18.832558097559907,19.036857978345296,8.089473754992552,21.0,0,1.9631420216547042,19.036857978345296,20.5,21.5
78.0,18.830409480691394,19.034708037874577,8.09063258019778,21.0,0,1.9652919621254235,19.034708037874577,20.5,21.5
79.0,18.828261525311294,19.032558759204818,8.091791282699631,21.0,0,1.967441240795182,19.032558759204818,20.5,21.5
80.0,18.82611423126277,19.030410142179747,8.092949860929393,21.0,0,1.969589857820253,19.030410142179747,20.5,21.5
81.0,18.823967598388705,19.02826218664281,8.094108313318515,21.0,0,1.9717378133571906,19.02826218664281,20.5,21.5
82.0,18.82182162653169,19.026114892437164,8.095266638298622,21.0,0,1.973885107562836,19.026114892437164,20.5,21.5
83.0,18.819676315534043,19.023968259405695,8.09642483430151,21.0,0,1.9760317405943049,19.023968259405695,20.5,21.5
84.0,18.817531665237798,19.021822287390997,8.09758289975915,21.0,0,1.9781777126090034,19.021822287390997,20.5,21.5
85.0,18.8153876754847,19.01967697623538,8.098740833103689,21.0,0,1.980323023764619,19.01967697623538,20.5,21.5
86.0,18.813244346116225,19.017532325780884,8.09989863276745,21.0,0,1.9824676742191158,19.017532325780884,20.5,21.5
87.0,18.811101676973554,19.015388335869257,8.101056297182947,21.0,0,1.9846116641307425,19.015388335869257,20.5,21.5
88.0,18.808959667897597,19.01324500634197,8.102213824782863,21.0,0,1.9867549936580318,19.01324500634197,20.5,21.5
89.0,18.806818318728972,19.011102337040207,8.103371214000079,21.0,0,1.9888976629597934,19.011102337040207,20.5,21.5
90.0,18.804677629308028,19.008960327804868,8.104528463267654,21.0,0,1.9910396721951322,19.008960327804868,20.5,21.5
91.0,18.80253759947482,19.006818978476588,8.10568557101884,21.0,0,1.9931810215234123,19.006818978476588,20.5,21.5
92.0,18.80039822906913,19.004678288895704,8.106842535687084,21.0,0,1.995321711104296,19.004678288895704,20.5,21.5
93.0,18.798259517930454,19.002538258902273,8.107999355706022,21.0,0,1.9974617410977267,19.002538258902273,20.5,21.5
94.0,18.796121465898008,19.00039888833608,8.109156029509489,21.0,0,1.999601111663921,19.00039888833608,20.5,21.5
95.0,18.79398407281073,18.99826017703662,8.110312555531511,21.0,0,2.00173982296338,18.99826017703662,20.5,21.5
96.0,18.791847338507274,18.99612212484311,8.111468932206325,21.0,0,2.0038778751568884,18.99612212484311,20.5,21.5
97.0,18.789711262826014,18.993984731594487,8.112625157968363,21.0,0,2.0060152684055126,18.993984731594487,20.5,21.5
98.0,18.787575845605044,18.991847997129405,8.113781231252261,21.0,0,2.0081520028705953,18.991847997129405,20.5,21.5
99.0,18.785441086682173,18.989711921286236,8.114937150492867,21.0,0,2.0102880787137636,18.989711921286236,20.5,21.5
100.0,18.783306985894935,18.987576503903078,8.11609291412523,21.0,0,2.012423496096922,18.987576503903078,20.5,21.5
101.0,18.78117354308058,18.985441744817738,8.117248520584615,21.0,0,2.014558255182262,18.985441744817738,20.5,21.5
102.0,18.779040758076082,18.98330764386775,8.1184039683065,21.0,0,2.01669235613225,18.98330764386775,20.5,21.5
103.0,18.77690863071813,18.981174200890365,8.119559255726575,21.0,0,2.018825799109635,18.981174200890365,20.5,21.5
104.0,18.77477716084313,18.979041415722556,8.120714381280749,21.0,0,2.0209585842774445,18.979041415722556,20.5,21.5
105.0,18.772646348287218,18.97690928820101,8.121869343405148,21.0,0,2.0230907117989894,18.97690928820101,20.5,21.5
106.0,18.77051619288624,18.974777818162142,8.12302414053612,21.0,0,2.025222181837858,18.974777818162142,20.5,21.5
107.0,18.768386694475772,18.972647005442077,8.124178771110241,21.0,0,2.0273529945579227,18.972647005442077,20.5,21.5
108.0,18.766257852891098,18.970516849876674,8.125333233564303,21.0,0,2.029483150123326,18.970516849876674,20.5,21.5
109.0,18.764129667967232,18.968387351301494,8.126487526335337,21.0,0,2.0316126486985056,18.968387351301494,20.5,21.5
110.0,18.762002139538907,18.96625850955183,8.127641647860594,21.0,0,2.0337414904481683,18.96625850955183,20.5,21.5
111.0,18.75987526744057,18.964130324462698,8.128795596577563,21.0,0,2.0358696755373025,18.964130324462698,20.5,21.5
112.0,18.757749051506398,18.962002795868823,8.129949370923963,21.0,0,2.0379972041311767,18.962002795868823,20.5,21.5
113.0,18.755623491570283,18.95987592360466,8.131102969337752,21.0,0,2.0401240763953403,18.95987592360466,20.5,21.5
114.0,18.753498587465838,18.957749707504384,8.132256390257123,21.0,0,2.0422502924956163,18.957749707504384,20.5,21.5
115.0,18.751374339026395,18.955624147401878,8.133409632120513,21.0,0,2.0443758525981224,18.955624147401878,20.5,21.5
116.0,18.749250746085014,18.953499243130768,8.134562693366599,21.0,0,2.046500756869232,18.953499243130768,20.5,21.5
117.0,18.74712780847447,18.951374994524382,8.135715572434304,21.0,0,2.0486250054756177,18.951374994524382,20.5,21.5
118.0,18.745005526027263,18.94925140141578,8.136868267762797,21.0,0,2.050748598584221,18.94925140141578,20.5,21.5
119.0,18.74288389857561,18.947128463637732,8.138020777791494,21.0,0,2.052871536362268,18.947128463637732,20.5,21.5
120.0,18.740762925951454,18.945006181022745,8.139173100960065,21.0,0,2.0549938189772554,18.945006181022745,20.5,21.5
121.0,18.738642607986456,18.942884553403033,8.140325235708431,21.0,0,2.057115446596967,18.942884553403033,20.5,21.5
122.0,18.736522944512,18.940763580610536,8.14147718047677,21.0,0,2.059236419389464,18.940763580610536,20.5,21.5
123.0,18.734403935359193,18.938643262476923,8.142628933705511,21.0,0,2.0613567375230772,18.938643262476923,20.5,21.5
124.0,18.732285580358862,18.936523598833578,8.143780493835353,21.0,0,2.0634764011664224,18.936523598833578,20.5,21.5
125.0,18.730167879341558,18.934404589511598,8.144931859307247,21.0,0,2.0655954104884025,18.934404589511598,20.5,21.5
126.0,18.72805083213755,18.93228623434182,8.146083028562412,21.0,0,2.06771376565818,18.93228623434182,20.5,21.5
127.0,18.725934438576836,18.930168533154784,8.147234000042332,21.0,0,2.0698314668452156,18.930168533154784,20.5,21.5
128.0,18.72381869848913,18.92805148578077,8.148384772188757,21.0,0,2.0719485142192298,18.92805148578077,20.5,21.5
129.0,18.72170361170387,18.92593509204977,8.14953534344371,21.0,0,2.0740649079502305,18.92593509204977,20.5,21.5
130.0,18.719589178050217,18.9238193517915,8.150685712249484,21.0,0,2.0761806482084992,18.9238193517915,20.5,21.5
131.0,18.717475397357056,18.921704264835405,8.151835877048645,21.0,0,2.0782957351645948,18.921704264835405,20.5,21.5
132.0,18.715362269452996,18.919589831010637,8.152985836284039,21.0,0,2.0804101689893635,18.919589831010637,20.5,21.5
133.0,18.713249794166362,18.917476050146085,8.154135588398784,21.0,0,2.0825239498539148,18.917476050146085,20.5,21.5
134.0,18.711137971325208,18.91536292207035,8.155285131836287,21.0,0,2.0846370779296493,18.91536292207035,20.5,21.5
135.0,18.70902680075731,18.913250446611773,8.156434465040231,21.0,0,2.086749553388227,18.913250446611773,20.5,21.5
136.0,18.706916282290166,18.911138623598397,8.157583586454585,21.0,0,2.088861376401603,18.911138623598397,20.5,21.5
137.0,18.704806415750998,18.909027452857995,8.158732494523605,21.0,0,2.0909725471420053,18.909027452857995,20.5,21.5
138.0,18.702697200966753,18.906916934218074,8.159881187691834,21.0,0,2.0930830657819257,18.906916934218074,20.5,21.5
139.0,18.7005886377641,18.904807067505853,8.161029664404113,21.0,0,2.0951929324941467,18.904807067505853,20.5,21.5
140.0,18.69848072596943,18.90269785254828,8.162177923105567,21.0,0,2.097302147451721,18.90269785254828,20.5,21.5
141.0,18.696373465408854,18.900589289172014,8.163325962241622,21.0,0,2.0994107108279856,18.900589289172014,20.5,21.5
142.0,18.69426685590822,18.89848137720346,8.164473780258,21.0,0,2.10151862279654,18.89848137720346,20.5,21.5
143.0,18.692160897293093,18.896374116468728,8.165621375600718,21.0,0,2.1036258835312722,18.896374116468728,20.5,21.5
144.0,18.690055589388756,18.894267506793657,8.166768746716102,21.0,0,2.105732493206343,18.894267506793657,20.5,21.5
145.0,18.68795093202022,18.892161548003816,8.167915892050777,21.0,0,2.1078384519961837,18.892161548003816,20.5,21.5
146.0,18.68584692501223,18.89005623992449,8.169062810051674,21.0,0,2.1099437600755095,18.89005623992449,20.5,21.5
147.0,18.683743568189236,18.88795158238069,8.170209499166033,21.0,0,2.1120484176193095,18.88795158238069,20.5,21.5
148.0,18.68164086137543,18.885847575197158,8.171355957841401,21.0,0,2.1141524248028425,18.885847575197158,20.5,21.5
149.0,18.679538804394724,18.883744218198352,8.172502184525642,21.0,0,2.116255781801648,18.883744218198352,20.5,21.5
150.0,18.67743739707075,18.88164151120846,8.17364817766693,21.0,0,2.1183584887915394,18.88164151120846,20.5,21.5
151.0,18.67533663922687,18.87953945405139,8.174793935713756,21.0,0,2.1204605459486103,18.87953945405139,20.5,21.5
152.0,18.673236530686168,18.877438046550775,8.17593945711493,21.0,0,2.1225619534492246,18.877438046550775,20.5,21.5
153.0,18.671137071271453,18.87533728852998,8.177084740319584,21.0,0,2.1246627114700196,18.87533728852998,20.5,21.5
154.0,18.669038260805262,18.873237179812087,8.178229783777166,21.0,0,2.1267628201879134,18.873237179812087,20.5,21.5
155.0,18.66694009910986,18.871137720219906,8.179374585937458,21.0,0,2.128862279780094,18.871137720219906,20.5,21.5
156.0,18.664842586007225,18.869038909575977,8.18051914525056,21.0,0,2.130961090424023,18.869038909575977,20.5,21.5
157.0,18.662745721319073,18.866940747702557,8.181663460166908,21.0,0,2.1330592522974428,18.866940747702557,20.5,21.5
158.0,18.660649504866843,18.864843234421635,8.18280752913726,21.0,0,2.1351567655783654,18.864843234421635,20.5,21.5
159.0,18.658553936471698,18.862746369554923,8.18395135061272,21.0,0,2.137253630445077,18.862746369554923,20.5,21.5
160.0,18.656459015954525,18.86065015292386,8.185094923044714,21.0,0,2.13934984707614,18.86065015292386,20.5,21.5
161.0,18.654364743135943,18.8585545843496,8.186238244885013,21.0,0,2.1414454156503986,18.8585545843496,20.5,21.5
162.0,18.652271117836293,18.856459663653048,8.187381314585725,21.0,0,2.143540336346952,18.856459663653048,20.5,21.5
163.0,18.650178139875642,18.854365390654806,8.188524130599298,21.0,0,2.145634609345194,18.854365390654806,20.5,21.5
164.0,18.648085809073788,18.852271765175225,8.189666691378525,21.0,0,2.1477282348247755,18.852271765175225,20.5,21.5
165.0,18.645994125250247,18.850178787034366,8.190808995376544,21.0,0,2.1498212129656338,18.850178787034366,20.5,21.5
166.0,18.643903088224274,18.84808645605203,8.191951041046844,21.0,0,2.1519135439479697,18.84808645605203,20.5,21.5
167.0,18.64181269781484,18.84599477204774,8.193092826843257,21.0,0,2.1540052279522612,18.84599477204774,20.5,21.5
168.0,18.639722953840643,18.843903734840737,8.194234351219972,21.0,0,2.1560962651592632,18.843903734840737,20.5,21.5
169.0,18.637633856120118,18.841813344250006,8.19537561263153,21.0,0,2.1581866557499936,18.841813344250006,20.5,21.5
170.0,18.63554540447142,18.83972360009424,8.19651660953283,21.0,0,2.1602763999057615,18.83972360009424,20.5,21.5
171.0,18.633457598712432,18.83763450219187,8.197657340379125,21.0,0,2.1623654978081284,18.83763450219187,20.5,21.5
172.0,18.631370438660767,18.835546050361057,8.198797803626034,21.0,0,2.1644539496389434,18.835546050361057,20.5,21.5
173.0,18.62928392413376,18.83345824441968,8.199937997729533,21.0,0,2.166541755580319,18.83345824441968,20.5,21.5
174.0,18.62719805494848,18.831371084185356,8.201077921145965,21.0,0,2.1686289158146437,18.831371084185356,20.5,21.5
175.0,18.62511283092172,18.829284569475412,8.202217572332039,21.0,0,2.170715430524588,18.829284569475412,20.5,21.5
176.0,18.62302825187,18.827198700106926,8.20335694974483,21.0,0,2.1728012998930737,18.827198700106926,20.5,21.5
177.0,18.620944317609574,18.82511347589669,8.20449605184179,21.0,0,2.174886524103311,18.82511347589669,20.5,21.5
178.0,18.61886102795642,18.82302889666122,8.205634877080739,21.0,0,2.1769711033387793,18.82302889666122,20.5,21.5
179.0,18.616778382726245,18.82094496221677,8.20677342391987,21.0,0,2.179055037783229,18.82094496221677,20.5,21.5
180.0,18.614696381734483,18.818861672379324,8.20791169081776,21.0,0,2.181138327620676,18.818861672379324,20.5,21.5
181.0,18.6126150247963,18.816779026964586,8.209049676233356,21.0,0,2.1832209730354144,18.816779026964586,20.5,21.5
182.0,18.610534311726585,18.814697025787986,8.210187378625994,21.0,0,2.1853029742120142,18.814697025787986,20.5,21.5
183.0,18.608454242339967,18.812615668664698,8.211324796455388,21.0,0,2.187384331335302,18.812615668664698,20.5,21.5
184.0,18.60637481645079,18.810534955409604,8.212461928181641,21.0,0,2.1894650445903956,18.810534955409604,20.5,21.5
185.0,18.604296033873133,18.808454885837335,8.21359877226524,21.0,0,2.1915451141626647,18.808454885837335,20.5,21.5
186.0,18.60221789442081,18.806375459762236,8.214735327167062,21.0,0,2.1936245402377637,18.806375459762236,20.5,21.5
187.0,18.60014039790736,18.80429667699839,8.21587159134838,21.0,0,2.1957033230016094,18.80429667699839,20.5,21.5
188.0,18.598063544146047,18.802218537359607,8.217007563270853,21.0,0,2.1977814626403926,18.802218537359607,20.5,21.5
189.0,18.59598733294987,18.800141040659422,8.218143241396543,21.0,0,2.1998589593405775,18.800141040659422,20.5,21.5
190.0,18.593911764131562,18.79806418671111,8.219278624187904,21.0,0,2.201935813288891,18.79806418671111,20.5,21.5
191.0,18.591836837503575,18.795987975327666,8.220413710107792,21.0,0,2.204012024672334,18.795987975327666,20.5,21.5
192.0,18.589762552878096,18.793912406321816,8.221548497619468,21.0,0,2.206087593678184,18.793912406321816,20.5,21.5
193.0,18.587688910067044,18.791837479506015,8.22268298518659,21.0,0,2.2081625204939854,18.791837479506015,20.5,21.5
194.0,18.58561590888207,18.789763194692455,8.22381717127323,21.0,0,2.210236805307545,18.789763194692455,20.5,21.5
195.0,18.583543549134546,18.787689551693052,8.224951054343865,21.0,0,2.2123104483069476,18.787689551693052,20.5,21.5
196.0,18.58147183063559,18.785616550319453,8.226084632863378,21.0,0,2.214383449680547,18.785616550319453,20.5,21.5
197.0,18.579400753196033,18.783544190383036,8.22721790529707,21.0,0,2.2164558096169635,18.783544190383036,20.5,21.5
198.0,18.577330316626455,18.78147247169492,8.228350870110656,21.0,0,2.2185275283050814,18.78147247169492,20.5,21.5
199.0,18.575260520737153,18.779401394065935,8.229483525770263,21.0,0,2.2205986059340646,18.779401394065935,20.5,21.5
200.0,18.57319136533816,18.77733095730666,8.23061587074244,21.0,0,2.22266904269334,18.77733095730666,20.5,21.5
201.0,18.57112285023924,18.775261161227387,8.231747903494158,21.0,0,2.2247388387726126,18.775261161227387,20.5,21.5
202.0,18.56905497524989,18.77319200563816,8.232879622492806,21.0,0,2.2268079943618417,18.77319200563816,20.5,21.5
203.0,18.56698774017934,18.771123490348735,8.234011026206202,21.0,0,2.228876509651265,18.771123490348735,20.5,21.5
204.0,18.564921144836546,18.769055615168618,8.23514211310259,21.0,0,2.230944384831382,18.769055615168618,20.5,21.5
205.0,18.5628551890302,18.766988379907026,8.236272881650642,21.0,0,2.2330116200929737,18.766988379907026,20.5,21.5
206.0,18.560789872568723,18.764921784372923,8.23740333031946,21.0,0,2.2350782156270768,18.764921784372923,20.5,21.5
207.0,18.558725195260273,18.762855828375,8.238533457578582,21.0,0,2.237144171625001,18.762855828375,20.5,21.5
208.0,18.556661156912735,18.760790511721677,8.239663261897977,21.0,0,2.2392094882783233,18.760790511721677,20.5,21.5
209.0,18.55459775733373,18.758725834221114,8.240792741748056,21.0,0,2.2412741657788864,18.758725834221114,20.5,21.5
210.0,18.552534996330614,18.756661795681197,8.241921895599667,21.0,0,2.2433382043188033,18.756661795681197,20.5,21.5
211.0,18.55047287371047,18.754598395909547,8.2430507219241,21.0,0,2.2454016040904534,18.754598395909547,20.5,21.5
212.0,18.548411389280112,18.752535634713514,8.244179219193086,21.0,0,2.2474643652864863,18.752535634713514,20.5,21.5
213.0,18.546350542846096,18.750473511900186,8.245307385878803,21.0,0,2.2495264880998143,18.750473511900186,20.5,21.5
214.0,18.5442903342147,18.74841202727638,8.246435220453877,21.0,0,2.2515879727236197,18.74841202727638,20.5,21.5
215.0,18.54223076319195,18.746351180648645,8.247562721391386,21.0,0,2.253648819351355,18.746351180648645,20.5,21.5
216.0,18.54017182958359,18.74429097182327,8.248689887164854,21.0,0,2.2557090281767316,18.74429097182327,20.5,21.5
217.0,18.538113533195105,18.74223140060627,8.249816716248265,21.0,0,2.2577685993937315,18.74223140060627,20.5,21.5
218.0,18.536055873831717,18.740172466803394,8.250943207116054,21.0,0,2.2598275331966065,18.740172466803394,20.5,21.5
219.0,18.533998851298374,18.738114170220125,8.252069358243114,21.0,0,2.2618858297798745,18.738114170220125,20.5,21.5
220.0,18.531942465399762,18.73605651066169,8.253195168104801,21.0,0,2.2639434893383097,18.73605651066169,20.5,21.5
221.0,18.529886715940304,18.73399948793303,8.254320635176933,21.0,0,2.26600051206697,18.73399948793303,20.5,21.5
222.0,18.527831602724152,18.73194310183884,8.25544575793579,21.0,0,2.2680568981611593,18.73194310183884,20.5,21.5
223.0,18.525777125555194,18.729887352183535,8.256570534858119,21.0,0,2.2701126478164646,18.729887352183535,20.5,21.5
224.0,18.523723284237054,18.72783223877127,8.257694964421134,21.0,0,2.2721677612287294,18.72783223877127,20.5,21.5
225.0,18.52167007857309,18.725777761405936,8.25881904510252,21.0,0,2.2742222385940636,18.725777761405936,20.5,21.5
226.0,18.519617508366398,18.723723919891153,8.259942775380438,21.0,0,2.276276080108847,18.723723919891153,20.5,21.5
227.0,18.5175655734198,18.721670714030285,8.261066153733516,21.0,0,2.278329285969715,18.721670714030285,20.5,21.5
228.0,18.515514273535864,18.719618143626416,8.262189178640865,21.0,0,2.280381856373584,18.719618143626416,20.5,21.5
229.0,18.513463608516886,18.717566208482385,8.26331184858207,21.0,0,2.282433791517615,18.717566208482385,20.5,21.5
230.0,18.5114135781649,18.715514908400745,8.264434162037203,21.0,0,2.2844850915992545,18.715514908400745,20.5,21.5
231.0,18.509364182281672,18.7134642431838,8.265556117486808,21.0,0,2.2865357568161997,18.7134642431838,20.5,21.5
232.0,18.507315420668714,18.711414212633585,8.266677713411926,21.0,0,2.288585787366415,18.711414212633585,20.5,21.5
233.0,18.505267293127265,18.709364816551865,8.267798948294075,21.0,0,2.290635183448135,18.709364816551865,20.5,21.5
234.0,18.503219799458297,18.707316054740147,8.268919820615265,21.0,0,2.292683945259853,18.707316054740147,20.5,21.5
235.0,18.501172939462528,18.705267926999674,8.270040328858,21.0,0,2.2947320730003256,18.705267926999674,20.5,21.5
236.0,18.499126712940406,18.70322043313142,8.271160471505274,21.0,0,2.2967795668685795,18.70322043313142,20.5,21.5
237.0,18.49708111969212,18.701173572936103,8.272280247040575,21.0,0,2.298826427063897,18.701173572936103,20.5,21.5
238.0,18.49503615951759,18.699127346214166,8.273399653947887,21.0,0,2.3008726537858344,18.699127346214166,20.5,21.5
239.0,18.492991832216475,18.697081752765804,8.274518690711702,21.0,0,2.302918247234196,18.697081752765804,20.5,21.5
240.0,18.490948137588173,18.695036792390933,8.275637355816999,21.0,0,2.3049632076090667,18.695036792390933,20.5,21.5
241.0,18.48890507543182,18.692992464889215,8.276755647749273,21.0,0,2.3070075351107846,18.692992464889215,20.5,21.5
242.0,18.48686264554628,18.69094877006005,8.277873564994515,21.0,0,2.30905122993995,18.69094877006005,20.5,21.5
243.0,18.48482084773017,18.688905707702567,8.278991106039228,21.0,0,2.311094292297433,18.688905707702567,20.5,21.5
244.0,18.48277968178183,18.686863277615636,8.280108269370427,21.0,0,2.313136722384364,18.686863277615636,20.5,21.5
245.0,18.48073914749935,18.684821479597872,8.28122505347563,21.0,0,2.315178520402128,18.684821479597872,20.5,21.5
246.0,18.478699244680545,18.682780313447616,8.282341456842877,21.0,0,2.3172196865523844,18.682780313447616,20.5,21.5
247.0,18.476659973122977,18.680739778962955,8.283457477960717,21.0,0,2.3192602210370445,18.680739778962955,20.5,21.5
248.0,18.474621332623943,18.67869987594171,8.284573115318219,21.0,0,2.32130012405829,18.67869987594171,20.5,21.5
249.0,18.472583322980483,18.676660604181443,8.285688367404973,21.0,0,2.3233393958185573,18.676660604181443,20.5,21.5
250.0,18.470545943989368,18.674621963479446,8.28680323271109,21.0,0,2.3253780365205543,18.674621963479446,20.5,21.5
251.0,18.468509195447112,18.67258395363276,8.287917709727203,21.0,0,2.32741604636724,18.67258395363276,20.5,21.5
252.0,18.466473077149967,18.670546574438156,8.289031796944471,21.0,0,2.3294534255618444,18.670546574438156,20.5,21.5
253.0,18.464437588893926,18.66850982569215,8.290145492854583,21.0,0,2.3314901743078487,18.66850982569215,20.5,21.5
254.0,18.462402730474718,18.666473707190995,8.291258795949755,21.0,0,2.3335262928090046,18.666473707190995,20.5,21.5
255.0,18.460368501687814,18.664438218730687,8.292371704722736,21.0,0,2.3355617812693126,18.664438218730687,20.5,21.5
256.0,18.45833490232842,18.662403360106946,8.29348421766681,21.0,0,2.3375966398930537,18.662403360106946,20.5,21.5
257.0,18.45630193219149,18.660369131115253,8.294596333275795,21.0,0,2.339630868884747,18.660369131115253,20.5,21.5
258.0,18.454269591071707,18.65833553155081,8.295708050044047,21.0,0,2.3416644684491885,18.65833553155081,20.5,21.5
259.0,18.4522378787635,18.65630256120857,8.296819366466464,21.0,0,2.3436974387914304,18.65630256120857,20.5,21.5
260.0,18.450206795061042,18.654270219883216,8.297930281038482,21.0,0,2.345729780116784,18.654270219883216,20.5,21.5
261.0,18.448176339758238,18.65223850736918,8.299040792256086,21.0,0,2.34776149263082,18.65223850736918,20.5,21.5
262.0,18.44614651264874,18.650207423460632,8.300150898615806,21.0,0,2.349792576539368,18.650207423460632,20.5,21.5
263.0,18.444117313525933,18.648176967951475,8.301260598614716,21.0,0,2.351823032048525,18.648176967951475,20.5,21.5
264.0,18.44208874218295,18.646147140635364,8.302369890750445,21.0,0,2.353852859364636,18.646147140635364,20.5,21.5
265.0,18.440060798412663,18.644117941305687,8.30347877352117,21.0,0,2.3558820586943128,18.644117941305687,20.5,21.5
266.0,18.438033482007686,18.642089369755578,8.304587245425628,21.0,0,2.3579106302444224,18.642089369755578,20.5,21.5
267.0,18.43600679276037,18.640061425777905,8.305695304963105,21.0,0,2.3599385742220953,18.640061425777905,20.5,21.5
268.0,18.43398073046281,18.63803410916528,8.306802950633452,21.0,0,2.361965890834721,18.63803410916528,20.5,21.5
269.0,18.431955294906846,18.636007419710058,8.307910180937077,21.0,0,2.363992580289942,18.636007419710058,20.5,21.5
270.0,18.429930485884054,18.633981357204334,8.309016994374947,21.0,0,2.366018642795666,18.633981357204334,20.5,21.5
271.0,18.42790630318575,18.631955921439946,8.310123389448602,21.0,0,2.368044078560054,18.631955921439946,20.5,21.5
272.0,18.425882746603,18.629931112208475,8.31122936466014,21.0,0,2.3700688877915255,18.629931112208475,20.5,21.5
273.0,18.423859815926612,18.627906929301233,8.312334918512233,21.0,0,2.3720930706987673,18.627906929301233,20.5,21.5
274.0,18.421837510947128,18.62588337250929,8.31344004950812,21.0,0,2.374116627490711,18.62588337250929,20.5,21.5
275.0,18.41981583145484,18.623860441623446,8.314544756151614,21.0,0,2.376139558376554,18.623860441623446,20.5,21.5
276.0,18.41779477723978,18.621838136434253,8.315649036947102,21.0,0,2.3781618635657473,18.621838136434253,20.5,21.5
277.0,18.415774348091723,18.619816456731996,8.316752890399549,21.0,0,2.3801835432680036,18.619816456731996,20.5,21.5
278.0,18.413754543800184,18.61779540230671,8.317856315014497,21.0,0,2.3822045976932884,18.61779540230671,20.5,21.5
279.0,18.411735364154428,18.61577497294817,8.31895930929807,21.0,0,2.38422502705183,18.61577497294817,20.5,21.5
280.0,18.409716808943458,18.613755168445895,8.320061871756971,21.0,0,2.386244831554105,18.613755168445895,20.5,21.5
281.0,18.40769887795602,18.611735988589142,8.321164000898493,21.0,0,2.3882640114108575,18.611735988589142,20.5,21.5
282.0,18.405681570980608,18.60971743316692,8.322265695230511,21.0,0,2.390282566833079,18.60971743316692,20.5,21.5
283.0,18.40366488780546,18.60769950196798,8.323366953261491,21.0,0,2.3923004980320215,18.60769950196798,20.5,21.5
284.0,18.40164882821855,18.6056821947808,8.32446777350049,21.0,0,2.394317805219199,18.6056821947808,20.5,21.5
285.0,18.39963339200761,18.60366551139363,8.325568154457157,21.0,0,2.396334488606371,18.60366551139363,20.5,21.5
286.0,18.3976185789601,18.601649451594444,8.326668094641734,21.0,0,2.3983505484055563,18.601649451594444,20.5,21.5
287.0,18.395604388863234,18.59963401517097,8.327767592565063,21.0,0,2.4003659848290297,18.59963401517097,20.5,21.5
288.0,18.393590821503974,18.597619201910675,8.328866646738582,21.0,0,2.4023807980893253,18.597619201910675,20.5,21.5
289.0,18.39157787666902,18.59560501160077,8.329965255674335,21.0,0,2.404394988399229,18.59560501160077,20.5,21.5
290.0,18.389565554144824,18.593591444028213,8.331063417884959,21.0,0,2.4064085559717867,18.593591444028213,20.5,21.5
291.0,18.38755385371757,18.591578498979707,8.332161131883703,21.0,0,2.4084215010202925,18.591578498979707,20.5,21.5
292.0,18.385542775173203,18.5895661762417,8.333258396184425,21.0,0,2.4104338237583,18.5895661762417,20.5,21.5
293.0,18.383532318297405,18.58755447560039,8.334355209301583,21.0,0,2.4124455243996117,18.58755447560039,20.5,21.5
294.0,18.381522482875607,18.585543396841707,8.335451569750255,21.0,0,2.4144566031582926,18.585543396841707,20.5,21.5
295.0,18.379513268692982,18.583532939751336,8.336547476046126,21.0,0,2.4164670602486638,18.583532939751336,20.5,21.5
296.0,18.377504675534453,18.581523104114716,8.337642926705499,21.0,0,2.4184768958852843,18.581523104114716,20.5,21.5
297.0,18.375496703184687,18.57951388971701,8.338737920245292,21.0,0,2.42048611028299,18.57951388971701,20.5,21.5
298.0,18.3734893514281,18.577505296343148,8.339832455183041,21.0,0,2.4224947036568523,18.577505296343148,20.5,21.5
299.0,18.371482620048848,18.575497323777796,8.340926530036906,21.0,0,2.424502676222204,18.575497323777796,20.5,21.5
300.0,18.369476508830846,18.57348997180537,8.34202014332567,21.0,0,2.426510028194631,18.57348997180537,20.5,21.5
301.0,18.367471017557744,18.571483240210025,8.343113293568734,21.0,0,2.428516759789975,18.571483240210025,20.5,21.5
302.0,18.365466146012945,18.56947712877568,8.344205979286135,21.0,0,2.430522871224319,18.56947712877568,20.5,21.5
303.0,18.3634618939796,18.56747163728598,8.345298198998535,21.0,0,2.43252836271402,18.56747163728598,20.5,21.5
304.0,18.361458261240603,18.56546676552433,8.346389951227225,21.0,0,2.434533234475669,18.56546676552433,20.5,21.5
305.0,18.3594552475786,18.563462513273883,8.347481234494131,21.0,0,2.4365374867261167,18.563462513273883,20.5,21.5
306.0,18.357452852775985,18.56145888031753,8.348572047321815,21.0,0,2.438541119682469,18.56145888031753,20.5,21.5
307.0,18.355451076614894,18.559455866437922,8.349662388233474,21.0,0,2.440544133562078,18.559455866437922,20.5,21.5
308.0,18.353449918877217,18.55745347141745,8.350752255752944,21.0,0,2.4425465285825503,18.55745347141745,20.5,21.5
309.0,18.351449379344594,18.555451695038247,8.351841648404703,21.0,0,2.444548304961753,18.555451695038247,20.5,21.5
310.0,18.349449457798407,18.553450537082206,8.35293056471387,21.0,0,2.446549462917794,18.553450537082206,20.5,21.5
311.0,18.34745015401979,18.55144999733097,8.35401900320621,21.0,0,2.4485500026690303,18.55144999733097,20.5,21.5
312.0,18.345451467789626,18.549450075565915,8.355106962408136,21.0,0,2.4505499244340854,18.549450075565915,20.5,21.5
313.0,18.34345339888855,18.54745077156818,8.35619444084671,21.0,0,2.4525492284318204,18.54745077156818,20.5,21.5
314.0,18.34145594709694,18.545452085118647,8.357281437049643,21.0,0,2.4545479148813527,18.545452085118647,20.5,21.5
315.0,18.33945911219493,18.543454015997956,8.3583679495453,21.0,0,2.4565459840020445,18.543454015997956,20.5,21.5
316.0,18.3374628939624,18.54145656398648,8.3594539768627,21.0,0,2.458543436013521,18.54145656398648,20.5,21.5
317.0,18.33546729217898,18.539459728864347,8.36053951753152,21.0,0,2.4605402711356525,18.539459728864347,20.5,21.5
318.0,18.33347230662405,18.53746351041145,8.361624570082093,21.0,0,2.462536489588551,18.53746351041145,20.5,21.5
319.0,18.33147793707674,18.53546790840741,8.362709133045417,21.0,0,2.4645320915925915,18.53546790840741,20.5,21.5
320.0,18.329484183315934,18.53347292263161,8.36379320495315,21.0,0,2.46652707736839,18.53347292263161,20.5,21.5
321.0,18.32749104512026,18.53147855286318,8.36487678433762,21.0,0,2.468521447136819,18.53147855286318,20.5,21.5
322.0,18.325498522268106,18.529484798881008,8.365959869731812,21.0,0,2.4705152011189924,18.529484798881008,20.5,21.5
323.0,18.3235066145376,18.527491660463717,8.367042459669388,21.0,0,2.472508339536283,18.527491660463717,20.5,21.5
324.0,18.321515321706627,18.525499137389694,8.368124552684678,21.0,0,2.4745008626103058,18.525499137389694,20.5,21.5
325.0,18.31952464355282,18.52350722943707,8.369206147312685,21.0,0,2.476492770562931,18.52350722943707,20.5,21.5
326.0,18.31753457985357,18.521515936383732,8.370287242089086,21.0,0,2.4784840636162677,18.521515936383732,20.5,21.5
327.0,18.31554513038602,18.519525258007313,8.371367835550235,21.0,0,2.480474741992687,18.519525258007313,20.5,21.5
328.0,18.313556294927054,18.517535194085205,8.372447926233166,21.0,0,2.4824648059147947,18.517535194085205,20.5,21.5
329.0,18.311568073253316,18.515545744394544,8.373527512675594,21.0,0,2.4844542556054563,18.515545744394544,20.5,21.5
330.0,18.3095804651412,18.513556908712218,8.374606593415912,21.0,0,2.486443091287782,18.513556908712218,20.5,21.5
331.0,18.307593470366854,18.511568686814876,8.375685166993204,21.0,0,2.4884313131851243,18.511568686814876,20.5,21.5
332.0,18.30560708870618,18.50958107847891,8.376763231947237,21.0,0,2.4904189215210906,18.50958107847891,20.5,21.5
333.0,18.303621319934827,18.507594083480463,8.377840786818467,21.0,0,2.4924059165195374,18.507594083480463,20.5,21.5
334.0,18.301636163828203,18.50560770159544,8.37891783014804,21.0,0,2.4943922984045592,18.50560770159544,20.5,21.5
335.0,18.299651620161466,18.503621932599494,8.379994360477799,21.0,0,2.4963780674005065,18.503621932599494,20.5,21.5
336.0,18.29766768870953,18.501636776268025,8.381070376350275,21.0,0,2.4983632237319746,18.501636776268025,20.5,21.5
337.0,18.29568436924706,18.4996522323762,8.382145876308698,21.0,0,2.5003477676238006,18.4996522323762,20.5,21.5
338.0,18.29370166154847,18.49766830069893,8.383220858896998,21.0,0,2.5023316993010702,18.49766830069893,20.5,21.5
339.0,18.29171956538794,18.49568498101088,8.384295322659804,21.0,0,2.5043150189891215,18.49568498101088,20.5,21.5
340.0,18.289738080539394,18.493702273086466,8.385369266142447,21.0,0,2.506297726913534,18.493702273086466,20.5,21.5
341.0,18.287757206776515,18.491720176699864,8.386442687890968,21.0,0,2.5082798233001355,18.491720176699864,20.5,21.5
342.0,18.285776943872737,18.489738691625,8.387515586452103,21.0,0,2.510261308375,18.489738691625,20.5,21.5
343.0,18.283797291601253,18.487757817635554,8.388587960373307,21.0,0,2.512242182364446,18.487757817635554,20.5,21.5
344.0,18.281818249735007,18.485777554504967,8.389659808202738,21.0,0,2.514222445495033,18.485777554504967,20.5,21.5
345.0,18.2798398180467,18.483797902006426,8.390731128489273,21.0,0,2.516202097993574,18.483797902006426,20.5,21.5
346.0,18.27786199630879,18.48181885991288,8.391801919782498,21.0,0,2.518181140087119,18.48181885991288,20.5,21.5
347.0,18.275884784293485,18.47984042799703,8.392872180632716,21.0,0,2.520159572002971,18.47984042799703,20.5,21.5
348.0,18.273908181772754,18.47786260603133,8.393941909590952,21.0,0,2.52213739396867,18.47786260603133,20.5,21.5
349.0,18.271932188518317,18.475885393787998,8.395011105208942,21.0,0,2.5241146062120023,18.475885393787998,20.5,21.5
350.0,18.269956804301657,18.473908791038987,8.396079766039156,21.0,0,2.526091208961013,18.473908791038987,20.5,21.5
351.0,18.267982028894004,18.47193279755603,8.39714789063478,21.0,0,2.528067202443971,18.47193279755603,20.5,21.5
352.0,18.266007862066353,18.469957413110603,8.398215477549728,21.0,0,2.5300425868893974,18.469957413110603,20.5,21.5
353.0,18.26403430358945,18.46798263747394,8.399282525338643,21.0,0,2.5320173625260587,18.46798263747394,20.5,21.5
354.0,18.2620613532338,18.46600847041704,8.400349032556894,21.0,0,2.533991529582959,18.46600847041704,20.5,21.5
355.0,18.260089010769665,18.46403491171064,8.40141499776059,21.0,0,2.535965088289359,18.46403491171064,20.5,21.5
356.0,18.258117275967063,18.462061961125254,8.402480419506563,21.0,0,2.5379380388747457,18.462061961125254,20.5,21.5
357.0,18.25614614859577,18.460089618431137,8.403545296352391,21.0,0,2.5399103815688626,18.460089618431137,20.5,21.5
358.0,18.254175628425322,18.458117883398312,8.40460962685638,21.0,0,2.5418821166016876,18.458117883398312,20.5,21.5
359.0,18.25220571522501,18.456146755796556,8.405673409577586,21.0,0,2.5438532442034436,18.456146755796556,20.5,21.5
360.0,18.25023640876388,18.4541762353954,8.406736643075801,21.0,0,2.5458237646045987,18.4541762353954,20.5,21.5
361.0,18.24826770881074,18.452206321964137,8.407799325911556,21.0,0,2.5477936780358625,18.452206321964137,20.5,21.5
362.0,18.24629961513416,18.450237015271817,8.408861456646138,21.0,0,2.549762984728183,18.450237015271817,20.5,21.5
363.0,18.24433212750246,18.448268315087248,8.409923033841572,21.0,0,2.5517316849127525,18.448268315087248,20.5,21.5
364.0,18.24236524568373,18.446300221178994,8.41098405606064,21.0,0,2.553699778821006,18.446300221178994,20.5,21.5
365.0,18.240398969445803,18.444332733315377,8.412044521866868,21.0,0,2.5556672666846225,18.444332733315377,20.5,21.5
366.0,18.238433298556288,18.442365851264487,8.413104429824541,21.0,0,2.557634148735513,18.442365851264487,20.5,21.5
367.0,18.236468232782542,18.440399574794164,8.414163778498699,21.0,0,2.5596004252058364,18.440399574794164,20.5,21.5
368.0,18.234503771891685,18.438433903672006,8.415222566455133,21.0,0,2.5615660963279936,18.438433903672006,20.5,21.5
369.0,18.232539915650598,18.43646883766538,8.416280792260402,21.0,0,2.5635311623346198,18.43646883766538,20.5,21.5
370.0,18.23057666382592,18.4345043765414,8.417338454481818,21.0,0,2.565495623458599,18.4345043765414,20.5,21.5
371.0,18.228614016184054,18.432540520066954,8.418395551687462,21.0,0,2.5674594799330457,18.432540520066954,20.5,21.5
372.0,18.226651972491155,18.430577268008676,8.419452082446178,21.0,0,2.569422731991324,18.430577268008676,20.5,21.5
373.0,18.224690532513147,18.42861462013297,8.420508045327574,21.0,0,2.5713853798670314,18.42861462013297,20.5,21.5
374.0,18.22272969601571,18.426652576205992,8.421563438902032,21.0,0,2.573347423794008,18.426652576205992,20.5,21.5
375.0,18.220769462764284,18.424691135993665,8.4226182617407,21.0,0,2.5753088640063346,18.424691135993665,20.5,21.5
376.0,18.21880983252408,18.42273029926167,8.423672512415502,21.0,0,2.5772697007383307,18.42273029926167,20.5,21.5
377.0,18.21685080506006,18.42077006577545,8.424726189499134,21.0,0,2.57922993422455,18.42077006577545,20.5,21.5
378.0,18.214892380136945,18.418810435300212,8.425779291565073,21.0,0,2.5811895646997876,18.418810435300212,20.5,21.5
379.0,18.21293455751923,18.41685140760092,8.42683181718757,21.0,0,2.5831485923990805,18.41685140760092,20.5,21.5
380.0,18.210977336971162,18.414892982442293,8.427883764941654,21.0,0,2.585107017557707,18.414892982442293,20.5,21.5
381.0,18.209020718256756,18.41293515958883,8.428935133403145,21.0,0,2.58706484041117,18.41293515958883,20.5,21.5
382.0,18.207064701139785,18.410977938804773,8.429985921148642,21.0,0,2.5890220611952266,18.410977938804773,20.5,21.5
383.0,18.205109285383788,18.40902131985414,8.43103612675553,21.0,0,2.5909786801458594,18.40902131985414,20.5,21.5
384.0,18.20315447075206,18.407065302500705,8.432085748801983,21.0,0,2.5929346974992953,18.407065302500705,20.5,21.5
385.0,18.20120025700767,18.405109886508008,8.433134785866963,21.0,0,2.594890113491992,18.405109886508008,20.5,21.5
386.0,18.199246643913444,18.403155071639347,8.434183236530227,21.0,0,2.596844928360653,18.403155071639347,20.5,21.5
387.0,18.197293631231968,18.40120085765778,8.435231099372327,21.0,0,2.5987991423422194,18.40120085765778,20.5,21.5
388.0,18.195341218725595,18.39924724432614,8.436278372974607,21.0,0,2.6007527556738594,18.39924724432614,20.5,21.5
389.0,18.193389406156445,18.39729423140702,8.437325055919208,21.0,0,2.6027057685929798,18.39729423140702,20.5,21.5
390.0,18.191438193286398,18.395341818662764,8.438371146789077,21.0,0,2.6046581813372356,18.395341818662764,20.5,21.5
391.0,18.1894875798771,18.393390005855494,8.439416644167956,21.0,0,2.606609994144506,18.393390005855494,20.5,21.5
392.0,18.187537565689958,18.39143879274709,8.440461546640394,21.0,0,2.6085612072529116,18.39143879274709,20.5,21.5
393.0,18.185588150486147,18.3894881790992,8.441505852791746,21.0,0,2.6105118209008005,18.3894881790992,20.5,21.5
394.0,18.18363933402661,18.387538164673234,8.44254956120817,21.0,0,2.6124618353267657,18.387538164673234,20.5,21.5
395.0,18.181691116072045,18.38558874923036,8.443592670476637,21.0,0,2.6144112507696384,18.38558874923036,20.5,21.5
396.0,18.179743496382926,18.38363993253153,8.444635179184928,21.0,0,2.61636006746847,18.38363993253153,20.5,21.5
397.0,18.177796474719486,18.381691714337435,8.445677085921638,21.0,0,2.6183082856625646,18.381691714337435,20.5,21.5
398.0,18.175850050841728,18.37974409440855,8.446718389276176,21.0,0,2.620255905591449,18.37974409440855,20.5,21.5
399.0,18.173904224509414,18.37779707250511,8.44775908783877,21.0,0,2.6222029274948895,18.37779707250511,20.5,21.5
400.0,18.17195899548208,18.375850648387118,8.448799180200462,21.0,0,2.624149351612882,18.375850648387118,20.5,21.5
401.0,18.170014363519023,18.373904821814335,8.44983866495312,21.0,0,2.6260951781856647,18.373904821814335,20.5,21.5
402.0,18.16807032837931,18.371959592546297,8.450877540689431,21.0,0,2.628040407453703,18.371959592546297,20.5,21.5
403.0,18.166126889821772,18.37001496034231,8.451915806002908,21.0,0,2.62998503965769,18.37001496034231,20.5,21.5
404.0,18.16418404760501,18.368070924961426,8.45295345948789,21.0,0,2.631929075038574,18.368070924961426,20.5,21.5
405.0,18.162241801487387,18.36612748616249,8.453990499739547,21.0,0,2.6338725138375096,18.36612748616249,20.5,21.5
406.0,18.160300151227037,18.364184643704093,8.455026925353874,21.0,0,2.6358153562959075,18.364184643704093,20.5,21.5
407.0,18.15835909658186,18.362242397344602,8.456062734927702,21.0,0,2.637757602655398,18.362242397344602,20.5,21.5
408.0,18.15641863730953,18.360300746842153,8.457097927058694,21.0,0,2.639699253157847,18.360300746842153,20.5,21.5
409.0,18.154478773167483,18.35835969195465,8.458132500345352,21.0,0,2.64164030804535,18.35835969195465,20.5,21.5
410.0,18.15253950391292,18.356419232439755,8.459166453387011,21.0,0,2.6435807675602447,18.356419232439755,20.5,21.5
411.0,18.150600829302814,18.354479368054914,8.460199784783851,21.0,0,2.645520631945086,18.354479368054914,20.5,21.5
412.0,18.14866274909391,18.35254009855732,8.46123249313689,21.0,0,2.64745990144268,18.35254009855732,20.5,21.5
413.0,18.14672526304272,18.350601423703957,8.462264577047991,21.0,0,2.6493985762960435,18.350601423703957,20.5,21.5
414.0,18.14478837090552,18.348663343251566,8.463296035119862,21.0,0,2.651336656748434,18.348663343251566,20.5,21.5
415.0,18.142852072438362,18.346725856956652,8.464326865956057,21.0,0,2.6532741430433475,18.346725856956652,20.5,21.5
416.0,18.140916367397065,18.344788964575503,8.465357068160982,21.0,0,2.6552110354244967,18.344788964575503,20.5,21.5
417.0,18.138981255537217,18.342852665864164,8.466386640339891,21.0,0,2.6571473341358356,18.342852665864164,20.5,21.5
418.0,18.137046736614177,18.34091696057846,8.467415581098894,21.0,0,2.659083039421539,18.34091696057846,20.5,21.5
419.0,18.135112810383074,18.33898184847397,8.468443889044954,21.0,0,2.6610181515260294,18.33898184847397,20.5,21.5
420.0,18.133179476598805,18.337047329306056,8.469471562785891,21.0,0,2.6629526706939437,18.337047329306056,20.5,21.5
421.0,18.131246735016042,18.335113402829855,8.470498600930384,21.0,0,2.6648865971701454,18.335113402829855,20.5,21.5
422.0,18.129314585389224,18.333180068800253,8.47152500208797,21.0,0,2.666819931199747,18.333180068800253,20.5,21.5
423.0,18.127383027472565,18.33124732697193,8.472550764869053,21.0,0,2.66875267302807,18.33124732697193,20.5,21.5
424.0,18.125452061020045,18.329315177099325,8.4735758878849,21.0,0,2.670684822900675,18.329315177099325,20.5,21.5
425.0,18.12352168578542,18.327383618936647,8.474600369747641,21.0,0,2.672616381063353,18.327383618936647,20.5,21.5
426.0,18.121591901522212,18.325452652237882,8.475624209070276,21.0,0,2.674547347762118,18.325452652237882,20.5,21.5
427.0,18.11966270798372,18.323522276756783,8.476647404466675,21.0,0,2.6764777232432166,18.323522276756783,20.5,21.5
428.0,18.117734104923017,18.32159249224687,8.47766995455158,21.0,0,2.6784075077531284,18.32159249224687,20.5,21.5
429.0,18.115806092092942,18.319663298461453,8.478691857940607,21.0,0,2.680336701538547,18.319663298461453,20.5,21.5
430.0,18.113878669246112,18.31773469515359,8.479713113250247,21.0,0,2.6822653048464105,18.31773469515359,20.5,21.5
431.0,18.111951836134914,18.31580668207613,8.480733719097866,21.0,0,2.684193317923871,18.31580668207613,20.5,21.5
432.0,18.110025592511505,18.313879258981686,8.481753674101714,21.0,0,2.686120741018314,18.313879258981686,20.5,21.5
433.0,18.108099938127822,18.311952425622646,8.482772976880922,21.0,0,2.6880475743773538,18.311952425622646,20.5,21.5
434.0,18.106174872735572,18.310026181751173,8.483791626055496,21.0,0,2.689973818248827,18.310026181751173,20.5,21.5
435.0,18.104250396086236,18.308100527119198,8.484809620246336,21.0,0,2.6918994728808023,18.308100527119198,20.5,21.5
436.0,18.102326507931068,18.30617546147843,8.485826958075227,21.0,0,2.6938245385215716,18.30617546147843,20.5,21.5
437.0,18.100403208021095,18.304250984580346,8.486843638164839,21.0,0,2.695749015419654,18.304250984580346,20.5,21.5
438.0,18.098480496107126,18.302327096176207,8.487859659138733,21.0,0,2.6976729038237934,18.302327096176207,20.5,21.5
439.0,18.096558371939732,18.300403796017036,8.488875019621366,21.0,0,2.6995962039829635,18.300403796017036,20.5,21.5
440.0,18.09463683526927,18.298481083853645,8.489889718238087,21.0,0,2.7015189161463553,18.298481083853645,20.5,21.5
441.0,18.092715885845863,18.296558959436602,8.490903753615141,21.0,0,2.7034410405633977,18.296558959436602,20.5,21.5
442.0,18.090795523419416,18.294637422516267,8.49191712437967,21.0,0,2.705362577483733,18.294637422516267,20.5,21.5
443.0,18.088875747739607,18.292716472842766,8.492929829159719,21.0,0,2.7072835271572337,18.292716472842766,20.5,21.5
444.0,18.08695655855589,18.290796110165996,8.493941866584231,21.0,0,2.7092038898340043,18.290796110165996,20.5,21.5
445.0,18.085037955617494,18.288876334235642,8.494953235283054,21.0,0,2.711123665764358,18.288876334235642,20.5,21.5
446.0,18.083119938673427,18.286957144801153,8.495963933886943,21.0,0,2.7130428551988466,18.286957144801153,20.5,21.5
447.0,18.08120250747247,18.285038541611762,8.496973961027555,21.0,0,2.714961458388238,18.285038541611762,20.5,21.5
448.0,18.07928566176318,18.28312052441648,8.497983315337464,21.0,0,2.7168794755835215,18.28312052441648,20.5,21.5
449.0,18.077369401293893,18.28120309296408,8.498991995450147,21.0,0,2.7187969070359195,18.28120309296408,20.5,21.5
450.0,18.075453725812725,18.279286247003125,8.5,21.0,0,2.7207137529968755,18.279286247003125,20.5,21.5
451.0,18.073538635067564,18.277369986281954,8.501007327622329,21.0,0,2.722630013718046,18.277369986281954,20.5,21.5
452.0,18.071624128806075,18.275454310548675,8.50201397695336,21.0,0,2.7245456894513254,18.275454310548675,20.5,21.5
453.0,18.069710206775703,18.273539219551175,8.503019946630236,21.0,0,2.726460780448825,18.273539219551175,20.5,21.5
454.0,18.067796868723672,18.27162471303713,8.504025235291017,21.0,0,2.7283752869628692,18.27162471303713,20.5,21.5
455.0,18.065884114396987,18.269710790753983,8.50502984157469,21.0,0,2.730289209246017,18.269710790753983,20.5,21.5
456.0,18.063971943542423,18.267797452448953,8.506033764121163,21.0,0,2.732202547551047,18.267797452448953,20.5,21.5
457.0,18.06206035590654,18.265884697869048,8.507037001571273,21.0,0,2.7341153021309523,18.265884697869048,20.5,21.5
458.0,18.060149351235673,18.26397252676104,8.508039552566778,21.0,0,2.736027473238959,18.26397252676104,20.5,21.5
459.0,18.058238929275937,18.262060938871493,8.50904141575037,21.0,0,2.7379390611285075,18.262060938871493,20.5,21.5
460.0,18.056329089773232,18.260149933946742,8.510042589765675,21.0,0,2.7398500660532576,18.260149933946742,20.5,21.5
461.0,18.05441983247323,18.258239511732903,8.511043073257245,21.0,0,2.741760488267097,18.258239511732903,20.5,21.5
462.0,18.052511157121387,18.256329671975873,8.51204286487057,21.0,0,2.743670328024127,18.256329671975873,20.5,21.5
463.0,18.050603063462937,18.254420414421325,8.513041963252082,21.0,0,2.7455795855786747,18.254420414421325,20.5,21.5
464.0,18.048695551242893,18.252511738814718,8.514040367049141,21.0,0,2.747488261185282,18.252511738814718,20.5,21.5
465.0,18.046788620206055,18.250603644901283,8.515038074910054,21.0,0,2.7493963550987175,18.250603644901283,20.5,21.5
466.0,18.044882270096995,18.248696132426034,8.516035085484072,21.0,0,2.7513038675739665,18.248696132426034,20.5,21.5
467.0,18.04297650066007,18.24678920113377,8.517031397421384,21.0,0,2.753210798866231,18.24678920113377,20.5,21.5
468.0,18.041071311639424,18.244882850769066,8.51802700937313,21.0,0,2.7551171492309336,18.244882850769066,20.5,21.5
469.0,18.03916670277897,18.242977081076283,8.519021919991395,21.0,0,2.7570229189237168,18.242977081076283,20.5,21.5
470.0,18.037262673822415,18.241071891799557,8.520016127929216,21.0,0,2.7589281082004433,18.241071891799557,20.5,21.5
471.0,18.035359224513236,18.239167282682804,8.521009631840576,21.0,0,2.7608327173171965,18.239167282682804,20.5,21.5
472.0,18.0334563545947,18.237263253469727,8.522002430380418,21.0,0,2.7627367465302726,18.237263253469727,20.5,21.5
473.0,18.031554063809857,18.235359803903815,8.522994522204636,21.0,0,2.7646401960961846,18.235359803903815,20.5,21.5
474.0,18.029652351901536,18.233456933728327,8.523985905970079,21.0,0,2.766543066271673,18.233456933728327,20.5,21.5
475.0,18.027751218612348,18.231554642686312,8.52497658033456,21.0,0,2.768445357313688,18.231554642686312,20.5,21.5
476.0,18.025850663684693,18.229652930520608,8.525966543956848,21.0,0,2.770347069479392,18.229652930520608,20.5,21.5
477.0,18.023950686860747,18.227751796973813,8.526955795496677,21.0,0,2.7722482030261872,18.227751796973813,20.5,21.5
478.0,18.022051287882473,18.225851241788337,8.527944333614743,21.0,0,2.7741487582116626,18.225851241788337,20.5,21.5
479.0,18.02015246649162,18.22395126470635,8.52893215697271,21.0,0,2.7760487352936494,18.22395126470635,20.5,21.5
480.0,18.018254222429714,18.222051865469826,8.529919264233206,21.0,0,2.777948134530174,18.222051865469826,20.5,21.5
481.0,18.016356555438076,18.2201530438205,8.530905654059831,21.0,0,2.779846956179501,18.2201530438205,20.5,21.5
482.0,18.0144594652578,18.21825479949991,8.531891325117158,21.0,0,2.78174520050009,18.21825479949991,20.5,21.5
483.0,18.01256295162977,18.216357132249374,8.53287627607073,21.0,0,2.7836428677506255,18.216357132249374,20.5,21.5
484.0,18.01066701429466,18.21446004180998,8.533860505587066,21.0,0,2.7855399581900215,18.21446004180998,20.5,21.5
485.0,18.00877165299292,18.212563527922622,8.534844012333664,21.0,0,2.7874364720773777,18.212563527922622,20.5,21.5
486.0,18.006876867464786,18.210667590327965,8.535826794978997,21.0,0,2.789332409672035,18.210667590327965,20.5,21.5
487.0,18.004982657450288,18.208772228766463,8.536808852192518,21.0,0,2.7912277712335367,18.208772228766463,20.5,21.5
488.0,18.003089022689238,18.206877442978357,8.537790182644667,21.0,0,2.7931225570216434,18.206877442978357,20.5,21.5
489.0,18.00119596292123,18.204983232703672,8.538770785006863,21.0,0,2.795016767296328,18.204983232703672,20.5,21.5
490.0,17.999303477885647,18.203089597682215,8.539750657951513,21.0,0,2.796910402317785,18.203089597682215,20.5,21.5
491.0,17.99741156732166,18.20119653765359,8.540729800152011,21.0,0,2.7988034623464095,18.20119653765359,20.5,21.5
492.0,17.995520230968225,18.199304052357178,8.54170821028274,21.0,0,2.800695947642822,18.199304052357178,20.5,21.5
493.0,17.993629468564087,18.197412141532148,8.542685887019076,21.0,0,2.8025878584678523,18.197412141532148,20.5,21.5
494.0,17.991739279847778,18.195520804917457,8.543662829037384,21.0,0,2.8044791950825427,18.195520804917457,20.5,21.5
495.0,17.989849664557617,18.193630042251847,8.544639035015027,21.0,0,2.806369957748153,18.193630042251847,20.5,21.5
496.0,17.987960622431707,18.191739853273855,8.545614503630365,21.0,0,2.8082601467261448,18.191739853273855,20.5,21.5
497.0,17.986072153207946,18.1898502377218,8.546589233562754,21.0,0,2.8101497622782006,18.1898502377218,20.5,21.5
498.0,17.984184256624015,18.187961195333784,8.547563223492551,21.0,0,2.8120388046662157,18.187961195333784,20.5,21.5
499.0,17.982296932417388,18.186072725847705,8.548536472101114,21.0,0,2.813927274152295,18.186072725847705,20.5,21.5
500.0,17.980410180325325,18.184184829001246,8.549508978070806,21.0,0,2.8158151709987536,18.184184829001246,20.5,21.5
501.0,17.978524000084875,18.18229750453188,8.550480740084996,21.0,0,2.8177024954681187,18.18229750453188,20.5,21.5
502.0,17.976638391432875,18.18041075217687,8.551451756828058,21.0,0,2.8195892478231315,18.18041075217687,20.5,21.5
503.0,17.974753354105953,18.178524571673258,8.552422026985376,21.0,0,2.8214754283267425,18.178524571673258,20.5,21.5
504.0,17.97286888784053,18.176638962757885,8.553391549243344,21.0,0,2.8233610372421154,18.176638962757885,20.5,21.5
505.0,17.97098499237281,18.174753925167384,8.554360322289371,21.0,0,2.8252460748326165,18.174753925167384,20.5,21.5
506.0,17.969101667438792,18.172869458638168,8.55532834481188,21.0,0,2.827130541361832,18.172869458638168,20.5,21.5
507.0,17.967218912774268,18.170985562906445,8.556295615500305,21.0,0,2.829014437093555,18.170985562906445,20.5,21.5
508.0,17.965336728114814,18.169102237708216,8.557262133045104,21.0,0,2.8308977622917837,18.169102237708216,20.5,21.5
509.0,17.9634551131958,18.167219482779267,8.558227896137753,21.0,0,2.8327805172207334,18.167219482779267,20.5,21.5
510.0,17.961574067752387,18.16533729785518,8.559192903470747,21.0,0,2.8346627021448185,18.16533729785518,20.5,21.5
511.0,17.95969359151953,18.16345568267133,8.560157153737606,21.0,0,2.83654431732867,18.16345568267133,20.5,21.5
512.0,17.957813684231976,18.16157463696287,8.561120645632878,21.0,0,2.8384253630371283,18.16157463696287,20.5,21.5
513.0,17.955934345624257,18.15969416046476,8.562083377852131,21.0,0,2.8403058395352403,18.15969416046476,20.5,21.5
514.0,17.954055575430704,18.15781425291174,8.563045349091967,21.0,0,2.8421857470882586,18.15781425291174,20.5,21.5
515.0,17.952177373385435,18.15593491403835,8.564006558050014,21.0,0,2.844065085961649,18.15593491403835,20.5,21.5
516.0,17.95029973922237,18.15405614357892,8.564967003424938,21.0,0,2.84594385642108,18.15405614357892,20.5,21.5
517.0,17.94842267267521,18.152177941267563,8.565926683916434,21.0,0,2.8478220587324365,18.152177941267563,20.5,21.5
518.0,17.946546173477458,18.150300306838204,8.56688559822523,21.0,0,2.8496996931617957,18.150300306838204,20.5,21.5
519.0,17.944670241362406,18.148423240024545,8.567843745053102,21.0,0,2.8515767599754547,18.148423240024545,20.5,21.5
520.0,17.942794876063143,18.146546740560087,8.568801123102851,21.0,0,2.853453259439913,18.146546740560087,20.5,21.5
521.0,17.94092007731255,18.144670808178127,8.569757731078331,21.0,0,2.8553291918218733,18.144670808178127,20.5,21.5
522.0,17.939045844843303,18.142795442611746,8.570713567684432,21.0,0,2.857204557388254,18.142795442611746,20.5,21.5
523.0,17.937172178387872,18.140920643593827,8.57166863162709,21.0,0,2.8590793564061734,18.140920643593827,20.5,21.5
524.0,17.93529907767852,18.13904641085705,8.572622921613283,21.0,0,2.8609535891429516,18.13904641085705,20.5,21.5
525.0,17.933426542447304,18.13717274413388,8.573576436351047,21.0,0,2.8628272558661187,18.13717274413388,20.5,21.5
526.0,17.931554572426084,18.13529964315659,8.574529174549456,21.0,0,2.864700356843411,18.13529964315659,20.5,21.5
527.0,17.929683167346507,18.13342710765723,8.575481134918643,21.0,0,2.86657289234277,18.13342710765723,20.5,21.5
528.0,17.92781232694002,18.13155513736766,8.576432316169793,21.0,0,2.868444862632341,18.13155513736766,20.5,21.5
529.0,17.925942050937866,18.129683732019526,8.577382717015142,21.0,0,2.870316267980474,18.129683732019526,20.5,21.5
530.0,17.92407233907108,18.12781289134428,8.578332336167987,21.0,0,2.8721871086557194,18.12781289134428,20.5,21.5
531.0,17.9222031910705,18.125942615073164,8.579281172342679,21.0,0,2.874057384926836,18.125942615073164,20.5,21.5
532.0,17.920334606666756,18.12407290293721,8.580229224254632,21.0,0,2.875927097062789,18.12407290293721,20.5,21.5
533.0,17.918466585590274,18.12220375466726,8.581176490620324,21.0,0,2.877796245332739,18.12220375466726,20.5,21.5
534.0,17.91659912757128,18.120335169993943,8.58212297015729,21.0,0,2.8796648300060568,18.120335169993943,20.5,21.5
535.0,17.914732232339798,18.11846714864769,8.583068661584134,21.0,0,2.8815328513523113,18.11846714864769,20.5,21.5
536.0,17.912865899625647,18.11659969035872,8.58401356362053,21.0,0,2.8834003096412815,18.11659969035872,20.5,21.5
537.0,17.911000129158445,18.114732794857055,8.584957674987216,21.0,0,2.885267205142945,18.114732794857055,20.5,21.5
538.0,17.90913492066761,18.112866461872525,8.585900994406,21.0,0,2.8871335381274754,18.112866461872525,20.5,21.5
539.0,17.90727027388236,18.11100069113474,8.586843520599768,21.0,0,2.888999308865259,18.11100069113474,20.5,21.5
540.0,17.905406188531703,18.109135482373127,8.587785252292473,21.0,0,2.8908645176268735,18.109135482373127,20.5,21.5
541.0,17.903542664344457,18.10727083531689,8.588726188209149,21.0,0,2.892729164683111,18.10727083531689,20.5,21.5
542.0,17.90167970104923,18.105406749695042,8.589666327075903,21.0,0,2.8945932503049576,18.105406749695042,20.5,21.5
543.0,17.899817298374433,18.103543225236407,8.590605667619926,21.0,0,2.8964567747635925,18.103543225236407,20.5,21.5
544.0,17.897955456048283,18.101680261669593,8.591544208569484,21.0,0,2.8983197383304073,18.101680261669593,20.5,21.5
545.0,17.896094173798787,18.099817858723007,8.59248194865393,21.0,0,2.900182141276993,18.099817858723007,20.5,21.5
546.0,17.894233451353756,18.09795601612487,8.593418886603702,21.0,0,2.9020439838751315,18.09795601612487,20.5,21.5
547.0,17.892373288440805,18.096094733603184,8.594355021150317,21.0,0,2.9039052663968157,18.096094733603184,20.5,21.5
548.0,17.890513684787347,18.094234010885764,8.59529035102639,21.0,0,2.9057659891142364,18.094234010885764,20.5,21.5
549.0,17.888654640120595,18.092373847700227,8.596224874965616,21.0,0,2.9076261522997733,18.092373847700227,20.5,21.5
550.0,17.886796154167566,18.090514243773985,8.597158591702787,21.0,0,2.9094857562260152,18.090514243773985,20.5,21.5
551.0,17.884938226655073,18.088655198834246,8.598091499973783,21.0,0,2.911344801165754,18.088655198834246,20.5,21.5
552.0,17.883080857309736,18.08679671260803,8.599023598515586,21.0,0,2.913203287391969,18.08679671260803,20.5,21.5
553.0,17.881224045857977,18.084938784822157,8.599954886066266,21.0,0,2.9150612151778432,18.084938784822157,20.5,21.5
554.0,17.879367792026017,18.083081415203242,8.600885361364996,21.0,0,2.9169185847967576,18.083081415203242,20.5,21.5
555.0,17.877512095539885,18.081224603477704,8.601815023152048,21.0,0,2.918775396522296,18.081224603477704,20.5,21.5
556.0,17.875656956125408,18.079368349371773,8.602743870168794,21.0,0,2.920631650628227,18.079368349371773,20.5,21.5
557.0,17.873802373508216,18.077512652611468,8.603671901157709,21.0,0,2.9224873473885324,18.077512652611468,20.5,21.5
558.0,17.871948347413745,18.07565751292262,8.604599114862374,21.0,0,2.9243424870773786,18.07565751292262,20.5,21.5
559.0,17.870094877567237,18.073802930030862,8.605525510027478,21.0,0,2.926197069969138,18.073802930030862,20.5,21.5
560.0,17.868241963693727,18.071948903661628,8.606451085398813,21.0,0,2.928051096338372,18.071948903661628,20.5,21.5
561.0,17.86638960551807,18.07009543354016,8.607375839723286,21.0,0,2.9299045664598395,18.07009543354016,20.5,21.5
562.0,17.86453780276491,18.068242519391497,8.608299771748914,21.0,0,2.9317574806085034,18.068242519391497,20.5,21.5
563.0,17.862686555158707,18.06639016094049,8.609222880224827,21.0,0,2.9336098390595104,18.06639016094049,20.5,21.5
564.0,17.86083586242372,18.064538357911783,8.610145163901267,21.0,0,2.9354616420882174,18.064538357911783,20.5,21.5
565.0,17.858985724284015,18.06268711002984,8.6110666215296,21.0,0,2.9373128899701584,18.06268711002984,20.5,21.5
566.0,17.857136140463464,18.060836417018923,8.611987251862303,21.0,0,2.9391635829810774,18.060836417018923,20.5,21.5
567.0,17.855287110685744,18.05898627860309,8.612907053652977,21.0,0,2.94101372139691,18.05898627860309,20.5,21.5
568.0,17.853438634674337,18.057136694506216,8.613826025656342,21.0,0,2.942863305493784,18.057136694506216,20.5,21.5
569.0,17.851590712152532,18.055287664451978,8.614744166628247,21.0,0,2.9447123355480223,18.055287664451978,20.5,21.5
570.0,17.84974334284343,18.05343918816386,8.615661475325659,21.0,0,2.9465608118361395,18.05343918816386,20.5,21.5
571.0,17.847896526469924,18.051591265365154,8.616577950506676,21.0,0,2.948408734634846,18.051591265365154,20.5,21.5
572.0,17.84605026275473,18.049743895778953,8.617493590930522,21.0,0,2.9502561042210473,18.049743895778953,20.5,21.5
573.0,17.844204551420365,18.047897079128155,8.618408395357553,21.0,0,2.9521029208718446,18.047897079128155,20.5,21.5
574.0,17.842359392189152,18.04605081513548,8.61932236254926,21.0,0,2.95394918486452,18.04605081513548,20.5,21.5
575.0,17.840514784783224,18.044205103523442,8.62023549126826,21.0,0,2.955794896476558,18.044205103523442,20.5,21.5
576.0,17.83867072892452,18.042359944014358,8.62114778027831,21.0,0,2.9576400559856424,18.042359944014358,20.5,21.5
577.0,17.83682722433479,18.04051533633037,8.622059228344304,21.0,0,2.959484663669631,18.04051533633037,20.5,21.5
578.0,17.834984270735593,18.038671280193416,8.622969834232272,21.0,0,2.961328719806584,18.038671280193416,20.5,21.5
579.0,17.83314186784829,18.036827775325243,8.623879596709386,21.0,0,2.963172224674757,18.036827775325243,20.5,21.5
580.0,17.831300015394064,18.03498482144741,8.62478851454396,21.0,0,2.9650151785525907,18.03498482144741,20.5,21.5
581.0,17.829458713093892,18.033142418281283,8.625696586505452,21.0,0,2.966857581718717,18.033142418281283,20.5,21.5
582.0,17.827617960668576,18.031300565548044,8.626603811364461,21.0,0,2.968699434451956,18.031300565548044,20.5,21.5
583.0,17.825777757838715,18.029459262968665,8.627510187892739,21.0,0,2.9705407370313353,18.029459262968665,20.5,21.5
584.0,17.823938104324725,18.027618510263956,8.62841571486318,21.0,0,2.972381489736044,18.027618510263956,20.5,21.5
585.0,17.822098999846833,18.025778307154507,8.629320391049838,21.0,0,2.974221692845493,18.025778307154507,20.5,21.5
586.0,17.820260444125076,18.023938653360744,8.630224215227907,21.0,0,2.9760613466392556,18.023938653360744,20.5,21.5
587.0,17.818422436879295,18.02209954860289,8.631127186173742,21.0,0,2.9779004513971117,18.02209954860289,20.5,21.5
588.0,17.816584977829155,18.020260992600974,8.63202930266485,21.0,0,2.9797390073990258,18.020260992600974,20.5,21.5
589.0,17.814748066694122,18.018422985074857,8.6329305634799,21.0,0,2.9815770149251435,18.018422985074857,20.5,21.5
590.0,17.81291170319348,18.016585525744183,8.63383096739871,21.0,0,2.9834144742558166,18.016585525744183,20.5,21.5
591.0,17.811075887046318,18.014748614328433,8.634730513202268,21.0,0,2.9852513856715674,18.014748614328433,20.5,21.5
592.0,17.80924061797155,18.012912250546883,8.635629199672717,21.0,0,2.987087749453117,18.012912250546883,20.5,21.5
593.0,17.80740589568789,18.011076434118632,8.636527025593367,21.0,0,2.988923565881368,18.011076434118632,20.5,21.5
594.0,17.80557171991387,18.00924116476258,8.63742398974869,21.0,0,2.9907588352374184,18.00924116476258,20.5,21.5
595.0,17.803738090367837,18.007406442197453,8.638320090924328,21.0,0,2.9925935578025467,18.007406442197453,20.5,21.5
596.0,17.80190500676795,18.005572266141776,8.63921532790709,21.0,0,2.994427733858224,18.005572266141776,20.5,21.5
597.0,17.800072468832177,18.003738636313905,8.640109699484956,21.0,0,2.996261363686095,18.003738636313905,20.5,21.5
598.0,17.79824047627831,18.001905552431985,8.641003204447074,21.0,0,2.9980944475680147,18.001905552431985,20.5,21.5
599.0,17.79640902882394,18.000073014214,8.641895841583768,21.0,0,2.9999269857860007,18.000073014214,20.5,21.5
600.0,17.794578126186494,17.99824102137773,8.64278760968654,21.0,0,3.00175897862227,17.99824102137773,20.5,21.5
601.0,17.792747768083192,17.99640957364078,8.643678507548062,21.0,0,3.003590426359221,17.99640957364078,20.5,21.5
602.0,17.790917954231084,17.99457867072056,8.644568533962186,21.0,0,3.0054213292794394,17.99457867072056,20.5,21.5
603.0,17.78908868434703,17.992748312334303,8.645457687723951,21.0,0,3.007251687665697,17.992748312334303,20.5,21.5
604.0,17.787259958147704,17.990918498199058,8.646345967629566,21.0,0,3.0090815018009422,17.990918498199058,20.5,21.5
605.0,17.7854317753496,17.989089228031677,8.647233372476432,21.0,0,3.010910771968323,17.989089228031677,20.5,21.5
606.0,17.783604135669027,17.987260501548842,8.648119901063131,21.0,0,3.0127394984511575,17.987260501548842,20.5,21.5
607.0,17.781777038822106,17.985432318467048,8.649005552189431,21.0,0,3.0145676815329523,17.985432318467048,20.5,21.5
608.0,17.77995048452478,17.983604678502598,8.649890324656289,21.0,0,3.016395321497402,17.983604678502598,20.5,21.5
609.0,17.778124472492806,17.98177758137162,8.650774217265852,21.0,0,3.0182224186283797,17.98177758137162,20.5,21.5
610.0,17.77629900244176,17.979951026790054,8.651657228821456,21.0,0,3.0200489732099456,17.979951026790054,20.5,21.5
611.0,17.774474074087035,17.978125014473655,8.652539358127632,21.0,0,3.0218749855263454,17.978125014473655,20.5,21.5
612.0,17.772649687143844,17.976299544138,8.653420603990105,21.0,0,3.0237004558619986,17.976299544138,20.5,21.5
613.0,17.770825841327213,17.974474615498487,8.654300965215796,21.0,0,3.0255253845015133,17.974474615498487,20.5,21.5
614.0,17.76900253635199,17.972650228270325,8.655180440612826,21.0,0,3.027349771729675,17.972650228270325,20.5,21.5
615.0,17.76717977193284,17.97082638216854,8.656059028990507,21.0,0,3.0291736178314608,17.97082638216854,20.5,21.5
616.0,17.76535754778425,17.969003076907985,8.656936729159362,21.0,0,3.0309969230920153,17.969003076907985,20.5,21.5
617.0,17.763535863620525,17.96718031220332,8.657813539931112,21.0,0,3.0328196877966818,17.96718031220332,20.5,21.5
618.0,17.761714719155787,17.965358087769033,8.65868946011868,21.0,0,3.034641912230967,17.965358087769033,20.5,21.5
619.0,17.75989411410398,17.96353640331943,8.6595644885362,21.0,0,3.0364635966805693,17.96353640331943,20.5,21.5
620.0,17.758074048178866,17.96171525856863,8.660438623999008,21.0,0,3.0382847414313687,17.96171525856863,20.5,21.5
621.0,17.75625452109403,17.959894653230585,8.661311865323652,21.0,0,3.0401053467694155,17.959894653230585,20.5,21.5
622.0,17.754435532562873,17.958074587019055,8.66218421132789,21.0,0,3.0419254129809445,17.958074587019055,20.5,21.5
623.0,17.752617082298627,17.956255059647624,8.663055660830691,21.0,0,3.0437449403523757,17.956255059647624,20.5,21.5
624.0,17.750799170014332,17.954436070829694,8.663926212652242,21.0,0,3.0455639291703065,17.954436070829694,20.5,21.5
625.0,17.74898179542286,17.952617620278495,8.664795865613938,21.0,0,3.0473823797215047,17.952617620278495,20.5,21.5
626.0,17.747164958236898,17.95079970770707,8.665664618538397,21.0,0,3.04920029229293,17.95079970770707,20.5,21.5
627.0,17.745348658168957,17.948982332828287,8.666532470249452,21.0,0,3.0510176671717133,17.948982332828287,20.5,21.5
628.0,17.743532894931374,17.94716549535483,8.66739941957216,21.0,0,3.052834504645169,17.94716549535483,20.5,21.5
629.0,17.7417176682363,17.945349194999228,8.668265465332794,21.0,0,3.0546508050007724,17.945349194999228,20.5,21.5
630.0,17.73990297779572,17.9435334314738,8.66913060635886,21.0,0,3.0564665685262007,17.9435334314738,20.5,21.5
631.0,17.73808882332143,17.941718204490705,8.669994841479074,21.0,0,3.058281795509295,17.941718204490705,20.5,21.5
632.0,17.73627520452506,17.939903513761926,8.67085816952339,21.0,0,3.0600964862380735,17.939903513761926,20.5,21.5
633.0,17.73446212111806,17.938089358999264,8.671720589322991,21.0,0,3.061910641000736,17.938089358999264,20.5,21.5
634.0,17.732649572811702,17.936275739914343,8.67258209971028,21.0,0,3.0637242600856567,17.936275739914343,20.5,21.5
635.0,17.73083755931708,17.93446265621862,8.673442699518901,21.0,0,3.0655373437813793,17.93446265621862,20.5,21.5
636.0,17.729026080345122,17.932650107623356,8.674302387583724,21.0,0,3.067349892376644,17.932650107623356,20.5,21.5
637.0,17.72721513560657,17.93083809383966,8.675161162740856,21.0,0,3.069161906160339,17.93083809383966,20.5,21.5
638.0,17.725404724811998,17.929026614578447,8.676019023827642,21.0,0,3.070973385421553,17.929026614578447,20.5,21.5
639.0,17.7235948476718,17.92721566955047,8.67687596968266,21.0,0,3.0727843304495295,17.92721566955047,20.5,21.5
640.0,17.721785503896204,17.92540525846629,8.677731999145733,21.0,0,3.0745947415337085,17.92540525846629,20.5,21.5
641.0,17.719976693195253,17.923595381036318,8.678587111057917,21.0,0,3.0764046189636822,17.923595381036318,20.5,21.5
642.0,17.718168415278825,17.92178603697077,8.679441304261516,21.0,0,3.0782139630292313,17.92178603697077,20.5,21.5
643.0,17.71636066985662,17.919977225979693,8.680294577600078,21.0,0,3.080022774020307,17.919977225979693,20.5,21.5
644.0,17.714553456638168,17.918168947772966,8.681146929918393,21.0,0,3.0818310522270345,17.918168947772966,20.5,21.5
645.0,17.712746775332825,17.91636120206029,8.681998360062499,21.0,0,3.0836387979397095,17.91636120206029,20.5,21.5
646.0,17.71094062564977,17.914553988551194,8.682848866879683,21.0,0,3.0854460114488056,17.914553988551194,20.5,21.5
647.0,17.709135007298016,17.912747306955033,8.683698449218484,21.0,0,3.0872526930449666,17.912747306955033,20.5,21.5
648.0,17.7073299199864,17.91094115698099,8.684547105928688,21.0,0,3.0890588430190107,17.91094115698099,20.5,21.5
649.0,17.70552536342359,17.909135538338074,8.68539483586134,21.0,0,3.0908644616619263,17.909135538338074,20.5,21.5
650.0,17.703721337318076,17.907330450735124,8.686241637868733,21.0,0,3.092669549264876,17.907330450735124,20.5,21.5
651.0,17.701917841378187,17.90552589388081,8.687087510804423,21.0,0,3.09447410611919,17.90552589388081,20.5,21.5
652.0,17.70011487531207,17.90372186748362,8.687932453523219,21.0,0,3.0962781325163817,17.90372186748362,20.5,21.5
653.0,17.698312438827713,17.901918371251885,8.68877646488119,21.0,0,3.0980816287481154,17.901918371251885,20.5,21.5
654.0,17.696510531632924,17.90011540489375,8.68961954373567,21.0,0,3.09988459510625,17.90011540489375,20.5,21.5
655.0,17.694709153435344,17.898312968117203,8.69046168894525,21.0,0,3.101687031882797,17.898312968117203,20.5,21.5
656.0,17.692908303942446,17.896511060630058,8.691302899369788,21.0,0,3.1034889393699423,17.896511060630058,20.5,21.5
657.0,17.69110798286153,17.89470968213995,8.692143173870408,21.0,0,3.1052903178600495,17.89470968213995,20.5,21.5
658.0,17.689308189899734,17.892908832354355,8.692982511309497,21.0,0,3.1070911676456454,17.892908832354355,20.5,21.5
659.0,17.687508924764014,17.891108510980573,8.693820910550718,21.0,0,3.1088914890194275,17.891108510980573,20.5,21.5
660.0,17.68571018716117,17.889308717725736,8.694658370458997,21.0,0,3.1106912822742636,17.889308717725736,20.5,21.5
661.0,17.68391197679783,17.887509452296815,8.695494889900537,21.0,0,3.1124905477031852,17.887509452296815,20.5,21.5
662.0,17.68211429338045,17.8857107144006,8.69633046774281,21.0,0,3.1142892855994013,17.8857107144006,20.5,21.5
663.0,17.680317136615322,17.883912503743716,8.697165102854564,21.0,0,3.1160874962562843,17.883912503743716,20.5,21.5
664.0,17.67852050620857,17.882114820032626,8.697998794105827,21.0,0,3.1178851799673737,17.882114820032626,20.5,21.5
665.0,17.67672440186615,17.88031766297362,8.6988315403679,21.0,0,3.1196823370263793,17.88031766297362,20.5,21.5
666.0,17.67492882329385,17.878521032272822,8.699663340513366,21.0,0,3.121478967727178,17.878521032272822,20.5,21.5
667.0,17.673133770197293,17.87672492763619,8.700494193416086,21.0,0,3.1232750723638105,17.87672492763619,20.5,21.5
668.0,17.671339242281935,17.874929348769513,8.70132409795121,21.0,0,3.1250706512304873,17.874929348769513,20.5,21.5
669.0,17.66954523925307,17.873134295378414,8.702153052995163,21.0,0,3.1268657046215864,17.873134295378414,20.5,21.5
670.0,17.66775176081582,17.871339767168347,8.702981057425662,21.0,0,3.1286602328316526,17.871339767168347,20.5,21.5
671.0,17.66595880667514,17.869545763844606,8.70380811012171,21.0,0,3.130454236155394,17.869545763844606,20.5,21.5
672.0,17.664166376535828,17.86775228511231,8.704634209963595,21.0,0,3.13224771488769,17.86775228511231,20.5,21.5
673.0,17.662374470102513,17.865959330676425,8.7054593558329,21.0,0,3.134040669323575,17.865959330676425,20.5,21.5
674.0,17.660583087079658,17.864166900241745,8.706283546612495,21.0,0,3.135833099758255,17.864166900241745,20.5,21.5
675.0,17.658792227171563,17.862374993512894,8.707106781186548,21.0,0,3.137625006487106,17.862374993512894,20.5,21.5
676.0,17.657001890082366,17.86058361019434,8.707929058440516,21.0,0,3.1394163898056604,17.86058361019434,20.5,21.5
677.0,17.655212075516037,17.85879274999038,8.708750377261156,21.0,0,3.1412072500096215,17.85879274999038,20.5,21.5
678.0,17.653422783176385,17.857002412605155,8.70957073653652,21.0,0,3.142997587394845,17.857002412605155,20.5,21.5
679.0,17.651634012767058,17.855212597742636,8.710390135155963,21.0,0,3.1447874022573643,17.855212597742636,20.5,21.5
680.0,17.649845763991536,17.85342330510663,8.711208572010138,21.0,0,3.146576694893369,17.85342330510663,20.5,21.5
681.0,17.648058036553138,17.851634534400784,8.712026045990996,21.0,0,3.148365465599216,17.851634534400784,20.5,21.5
682.0,17.646270830155025,17.84984628532858,8.7128425559918,21.0,0,3.1501537146714185,17.84984628532858,20.5,21.5
683.0,17.644484144500193,17.84805855759334,8.713658100907113,21.0,0,3.1519414424066596,17.84805855759334,20.5,21.5
684.0,17.642697979291476,17.846271350898224,8.714472679632804,21.0,0,3.153728649101776,17.846271350898224,20.5,21.5
685.0,17.640912334231544,17.844484664946226,8.715286291066052,21.0,0,3.1555153350537744,17.844484664946226,20.5,21.5
686.0,17.63912720902291,17.84269849944018,8.716098934105345,21.0,0,3.1573015005598215,17.84269849944018,20.5,21.5
687.0,17.637342603367927,17.84091285408276,8.716910607650483,21.0,0,3.1590871459172405,17.84091285408276,20.5,21.5
688.0,17.635558516968782,17.83912772857648,8.717721310602577,21.0,0,3.1608722714235213,17.83912772857648,20.5,21.5
689.0,17.63377494952751,17.837343122623686,8.718531041864052,21.0,0,3.162656877376314,17.837343122623686,20.5,21.5
690.0,17.631991900745977,17.835559035926572,8.719339800338652,21.0,0,3.164440964073428,17.835559035926572,20.5,21.5
691.0,17.630209370325897,17.833775468187167,8.720147584931432,21.0,0,3.1662245318128335,17.833775468187167,20.5,21.5
692.0,17.628427357968818,17.831992419107344,8.72095439454877,21.0,0,3.168007580892656,17.831992419107344,20.5,21.5
693.0,17.626645863376133,17.830209888388815,8.721760228098361,21.0,0,3.169790111611185,17.830209888388815,20.5,21.5
694.0,17.624864886249078,17.82842787573313,8.722565084489228,21.0,0,3.17157212426687,17.82842787573313,20.5,21.5
695.0,17.623084426288727,17.82664638084168,8.723368962631708,21.0,0,3.17335361915832,17.82664638084168,20.5,21.5
696.0,17.621304483195996,17.824865403415703,8.724171861437467,21.0,0,3.1751345965842965,17.824865403415703,20.5,21.5
697.0,17.619525056671645,17.823084943156267,8.724973779819498,21.0,0,3.1769150568437325,17.823084943156267,20.5,21.5
698.0,17.617746146416273,17.821304999764294,8.725774716692118,21.0,0,3.178695000235706,17.821304999764294,20.5,21.5
699.0,17.615967752130327,17.81952557294054,8.726574670970976,21.0,0,3.1804744270594583,17.81952557294054,20.5,21.5
700.0,17.614189873514096,17.817746662385616,8.727373641573049,21.0,0,3.182253337614384,17.817746662385616,20.5,21.5
701.0,17.61241251026771,17.815968267799956,8.728171627416646,21.0,0,3.1840317322000438,17.815968267799956,20.5,21.5
702.0,17.61063566209114,17.814190388883855,8.72896862742141,21.0,0,3.185809611116145,17.814190388883855,20.5,21.5
703.0,17.608859328684208,17.81241302533744,8.729764640508321,21.0,0,3.1875869746625582,17.81241302533744,20.5,21.5
704.0,17.607083509746573,17.81063617686069,8.73055966559969,21.0,0,3.1893638231393098,17.81063617686069,20.5,21.5
705.0,17.605308204977742,17.80885984315342,8.73135370161917,21.0,0,3.191140156846579,17.80885984315342,20.5,21.5
706.0,17.60353341407707,17.80708402391529,8.73214674749175,21.0,0,3.1929159760847092,17.80708402391529,20.5,21.5
707.0,17.601759136743752,17.805308718845815,8.732938802143762,21.0,0,3.194691281154185,17.805308718845815,20.5,21.5
708.0,17.59998537267683,17.803533927644338,8.733729864502877,21.0,0,3.196466072355662,17.803533927644338,20.5,21.5
709.0,17.598212121575195,17.801759650010062,8.734519933498111,21.0,0,3.1982403499899377,17.801759650010062,20.5,21.5
710.0,17.59643938313758,17.79998588564203,8.73530900805983,21.0,0,3.2000141143579697,17.79998588564203,20.5,21.5
711.0,17.594667157062563,17.79821263423913,8.736097087119735,21.0,0,3.2017873657608718,17.79821263423913,20.5,21.5
712.0,17.592895443048576,17.796439895500093,8.736884169610883,21.0,0,3.203560104499907,17.796439895500093,20.5,21.5
713.0,17.59112424079389,17.794667669123506,8.737670254467682,21.0,0,3.2053323308764945,17.794667669123506,20.5,21.5
714.0,17.589353549996623,17.792895954807793,8.738455340625883,21.0,0,3.2071040451922066,17.792895954807793,20.5,21.5
715.0,17.58758337035475,17.79112475225123,8.739239427022596,21.0,0,3.2088752477487716,17.79112475225123,20.5,21.5
716.0,17.585813701566085,17.789354061151933,8.74002251259628,21.0,0,3.2106459388480673,17.789354061151933,20.5,21.5
717.0,17.58404454332829,17.787583881207873,8.74080459628675,21.0,0,3.2124161187921274,17.787583881207873,20.5,21.5
718.0,17.58227589533888,17.785814212116872,8.741585677035179,21.0,0,3.214185787883128,17.785814212116872,20.5,21.5
719.0,17.58050775729522,17.784045053576595,8.742365753784098,21.0,0,3.2159549464234054,17.784045053576595,20.5,21.5
720.0,17.578740128894516,17.782276405284545,8.743144825477394,21.0,0,3.217723594715455,17.782276405284545,20.5,21.5
721.0,17.576973009833832,17.780508266938092,8.743922891060318,21.0,0,3.2194917330619077,17.780508266938092,20.5,21.5
722.0,17.575206399810078,17.77874063823445,8.744699949479482,21.0,0,3.2212593617655507,17.77874063823445,20.5,21.5
723.0,17.573440298520012,17.776973518870676,8.745475999682862,21.0,0,3.223026481129324,17.776973518870676,20.5,21.5
724.0,17.571674705660243,17.77520690854368,8.746251040619798,21.0,0,3.22479309145632,17.77520690854368,20.5,21.5
725.0,17.569909620927234,17.773440806950227,8.747025071240996,21.0,0,3.2265591930497735,17.773440806950227,20.5,21.5
726.0,17.568145044017296,17.77167521378692,8.747798090498533,21.0,0,3.2283247862130793,17.77167521378692,20.5,21.5
727.0,17.566380974626593,17.769910128750226,8.74857009734585,21.0,0,3.230089871249774,17.769910128750226,20.5,21.5
728.0,17.56461741245114,17.76814555153645,8.749341090737763,21.0,0,3.231854448463551,17.76814555153645,20.5,21.5
729.0,17.562854357186797,17.76638148184176,8.75011106963046,21.0,0,3.2336185181582415,17.76638148184176,20.5,21.5
730.0,17.561091808529287,17.76461791936217,8.750880032981499,21.0,0,3.23538208063783,17.76461791936217,20.5,21.5
731.0,17.559329766174177,17.762854863793546,8.751647979749817,21.0,0,3.237145136206454,17.762854863793546,20.5,21.5
732.0,17.55756822981689,17.761092314831604,8.752414908895725,21.0,0,3.238907685168396,17.761092314831604,20.5,21.5
733.0,17.555807199152706,17.759330272171916,8.75318081938091,21.0,0,3.2406697278280845,17.759330272171916,20.5,21.5
734.0,17.55404667387675,17.75756873550991,8.753945710168443,21.0,0,3.24243126449009,17.75756873550991,20.5,21.5
735.0,17.55228665368401,17.755807704540853,8.754709580222771,21.0,0,3.244192295459147,17.755807704540853,20.5,21.5
736.0,17.550527138269317,17.754047178959883,8.755472428509727,21.0,0,3.2459528210401167,17.754047178959883,20.5,21.5
737.0,17.548768127327364,17.75228715846198,8.756234253996523,21.0,0,3.2477128415380214,17.75228715846198,20.5,21.5
738.0,17.547009620552696,17.750527642741975,8.756995055651757,21.0,0,3.249472357258025,17.750527642741975,20.5,21.5
739.0,17.545251617639718,17.748768631494567,8.757754832445414,21.0,0,3.251231368505433,17.748768631494567,20.5,21.5
740.0,17.543494118282677,17.747010124414302,8.758513583348869,21.0,0,3.2529898755856976,17.747010124414302,20.5,21.5
741.0,17.54173712217569,17.745252121195577,8.759271307334881,21.0,0,3.254747878804423,17.745252121195577,20.5,21.5
742.0,17.53998062901272,17.743494621532648,8.760028003377602,21.0,0,3.2565053784673523,17.743494621532648,20.5,21.5
743.0,17.538224638487595,17.74173762511963,8.760783670452575,21.0,0,3.2582623748803705,17.74173762511963,20.5,21.5
744.0,17.53646915029399,17.739981131650485,8.761538307536737,21.0,0,3.2600188683495155,17.739981131650485,20.5,21.5
745.0,17.534714164125436,17.738225140819036,8.762291913608419,21.0,0,3.2617748591809637,17.738225140819036,20.5,21.5
746.0,17.532959679675333,17.736469652318966,8.763044487647345,21.0,0,3.2635303476810336,17.736469652318966,20.5,21.5
747.0,17.531205696636928,17.734714665843804,8.763796028634642,21.0,0,3.2652853341561965,17.734714665843804,20.5,21.5
748.0,17.529452214703326,17.732960181086952,8.764546535552832,21.0,0,3.267039818913048,17.732960181086952,20.5,21.5
749.0,17.527699233567496,17.731206197741653,8.765296007385835,21.0,0,3.2687938022583474,17.731206197741653,20.5,21.5
750.0,17.52594675292226,17.72945271550102,8.766044443118979,21.0,0,3.2705472844989814,17.72945271550102,20.5,21.5
751.0,17.524194772460298,17.72769973405801,8.766791841738986,21.0,0,3.2723002659419897,17.72769973405801,20.5,21.5
752.0,17.522443291874154,17.725947253105453,8.767538202233988,21.0,0,3.2740527468945473,17.725947253105453,20.5,21.5
753.0,17.520692310856226,17.724195272336033,8.768283523593523,21.0,0,3.2758047276639672,17.724195272336033,20.5,21.5
754.0,17.518941829098775,17.72244379144229,8.769027804808532,21.0,0,3.2775562085577086,17.72244379144229,20.5,21.5
755.0,17.51719184629392,17.720692810116624,8.769771044871367,21.0,0,3.279307189883376,17.720692810116624,20.5,21.5
756.0,17.515442362133633,17.71894232805129,8.77051324277579,21.0,0,3.281057671948709,17.71894232805129,20.5,21.5
757.0,17.51369337630976,17.71719234493841,8.77125439751697,21.0,0,3.282807655061589,17.71719234493841,20.5,21.5
758.0,17.511944888514,17.715442860469967,8.77199450809149,21.0,0,3.2845571395300333,17.715442860469967,20.5,21.5
759.0,17.51019689843792,17.713693874337793,8.772733573497352,21.0,0,3.2863061256622075,17.713693874337793,20.5,21.5
760.0,17.50844940577293,17.711945386233594,8.773471592733964,21.0,0,3.2880546137664055,17.711945386233594,20.5,21.5
761.0,17.50670241021032,17.71019739584893,8.774208564802159,21.0,0,3.2898026041510704,17.71019739584893,20.5,21.5
762.0,17.50495591144124,17.708449902875227,8.774944488704179,21.0,0,3.291550097124773,17.708449902875227,20.5,21.5
763.0,17.50320990915669,17.706702907003766,8.775679363443695,21.0,0,3.2932970929962337,17.706702907003766,20.5,21.5
764.0,17.50146440304755,17.704956407925692,8.776413188025789,21.0,0,3.2950435920743075,17.704956407925692,20.5,21.5
765.0,17.499719392804543,17.703210405332015,8.77714596145697,21.0,0,3.2967895946679846,17.703210405332015,20.5,21.5
766.0,17.497974878118274,17.701464898913606,8.77787768274517,21.0,0,3.2985351010863937,17.701464898913606,20.5,21.5
767.0,17.4962308586792,17.699719888361198,8.778608350899745,21.0,0,3.300280111638802,17.699719888361198,20.5,21.5
768.0,17.494487334177645,17.697975373365388,8.779337964931473,21.0,0,3.302024626634612,17.697975373365388,20.5,21.5
769.0,17.492744304303795,17.696231353616636,8.780066523852566,21.0,0,3.3037686463833644,17.696231353616636,20.5,21.5
770.0,17.491001768747704,17.694487828805272,8.78079402667666,21.0,0,3.305512171194728,17.694487828805272,20.5,21.5
771.0,17.48925972719929,17.692744798621472,8.78152047241882,21.0,0,3.3072552013785277,17.692744798621472,20.5,21.5
772.0,17.487518179348335,17.691002262755298,8.782245860095543,21.0,0,3.3089977372447024,17.691002262755298,20.5,21.5
773.0,17.485777124884486,17.689260220896664,8.782970188724763,21.0,0,3.3107397791033364,17.689260220896664,20.5,21.5
774.0,17.484036563497252,17.687518672735354,8.783693457325839,21.0,0,3.3124813272646456,17.687518672735354,20.5,21.5
775.0,17.482296494876017,17.685777617961016,8.784415664919576,21.0,0,3.3142223820389844,17.685777617961016,20.5,21.5
776.0,17.480556918710025,17.68403705626316,8.785136810528206,21.0,0,3.3159629437368388,17.68403705626316,20.5,21.5
777.0,17.47881783468839,17.682296987331174,8.785856893175401,21.0,0,3.317703012668826,17.682296987331174,20.5,21.5
778.0,17.477079242500086,17.680557410854295,8.786575911886278,21.0,0,3.319442589145705,17.680557410854295,20.5,21.5
779.0,17.47534114183396,17.67881832652164,8.787293865687387,21.0,0,3.3211816734783604,17.67881832652164,20.5,21.5
780.0,17.473603532378732,17.677079734022183,8.788010753606722,21.0,0,3.3229202659778174,17.677079734022183,20.5,21.5
781.0,17.471866413822976,17.675341633044773,8.788726574673722,21.0,0,3.3246583669552265,17.675341633044773,20.5,21.5
782.0,17.470129785855146,17.673604023278124,8.789441327919269,21.0,0,3.3263959767218765,17.673604023278124,20.5,21.5
783.0,17.46839364816356,17.671866904410816,8.79015501237569,21.0,0,3.328133095589184,17.671866904410816,20.5,21.5
784.0,17.4666580004364,17.670130276131307,8.79086762707676,21.0,0,3.3298697238686934,17.670130276131307,20.5,21.5
785.0,17.464922842361727,17.668394138127905,8.791579171057704,21.0,0,3.331605861872095,17.668394138127905,20.5,21.5
786.0,17.463188173627465,17.666658490088803,8.79228964335519,21.0,0,3.3333415099111967,17.666658490088803,20.5,21.5
787.0,17.46145399392141,17.664923331702056,8.792999043007345,21.0,0,3.335076668297944,17.664923331702056,20.5,21.5
788.0,17.459720302931228,17.66318866265559,8.793707369053745,21.0,0,3.336811337344411,17.66318866265559,20.5,21.5
789.0,17.457987100344454,17.6614544826372,8.794414620535418,21.0,0,3.3385455173627996,17.6614544826372,20.5,21.5
790.0,17.456254385848492,17.659720791334554,8.795120796494848,21.0,0,3.3402792086654465,17.659720791334554,20.5,21.5
791.0,17.454522159130622,17.657987588435184,8.795825895975975,21.0,0,3.3420124115648164,17.657987588435184,20.5,21.5
792.0,17.452790419877992,17.6562548736265,8.796529918024197,21.0,0,3.3437451263734985,17.6562548736265,20.5,21.5
793.0,17.451059167777622,17.65452264659578,8.79723286168637,21.0,0,3.3454773534042204,17.65452264659578,20.5,21.5
794.0,17.449328402516404,17.65279090703017,8.797934726010809,21.0,0,3.3472090929698304,17.65279090703017,20.5,21.5
795.0,17.447598123781102,17.651059654616695,8.798635510047292,21.0,0,3.348940345383305,17.651059654616695,20.5,21.5
796.0,17.445868331258357,17.64932888904224,8.799335212847062,21.0,0,3.3506711109577587,17.64932888904224,20.5,21.5
797.0,17.444139024634673,17.647598609993576,8.80003383346282,21.0,0,3.352401390006424,17.647598609993576,20.5,21.5
798.0,17.442410203596438,17.645868817157343,8.800731370948734,21.0,0,3.354131182842657,17.645868817157343,20.5,21.5
799.0,17.44068186782991,17.644139510220043,8.801427824360442,21.0,0,3.355860489779957,17.644139510220043,20.5,21.5
800.0,17.438954017021214,17.64241068886806,8.802123192755044,21.0,0,3.357589311131939,17.64241068886806,20.5,21.5
801.0,17.43722665085636,17.640682352787664,8.802817475191114,21.0,0,3.359317647212336,17.640682352787664,20.5,21.5
802.0,17.435499769021227,17.638954501664976,8.803510670728695,21.0,0,3.3610454983350238,17.638954501664976,20.5,21.5
803.0,17.433773371201568,17.637227135186002,8.8042027784293,21.0,0,3.362772864813998,17.637227135186002,20.5,21.5
804.0,17.432047457083012,17.635500253036618,8.804893797355914,21.0,0,3.364499746963382,17.635500253036618,20.5,21.5
805.0,17.430322026351067,17.633773854902593,8.805583726573,21.0,0,3.366226145097407,17.633773854902593,20.5,21.5
806.0,17.428597078691112,17.63204794046954,8.806272565146491,21.0,0,3.3679520595304595,17.63204794046954,20.5,21.5
807.0,17.426872613788404,17.630322509422978,8.806960312143802,21.0,0,3.369677490577022,17.630322509422978,20.5,21.5
808.0,17.425148631328074,17.62859756144828,8.807646966633822,21.0,0,3.371402438551719,17.62859756144828,20.5,21.5
809.0,17.423425130995135,17.626873096230703,8.80833252768692,21.0,0,3.373126903769297,17.626873096230703,20.5,21.5
810.0,17.421702112474474,17.625149113455386,8.809016994374947,21.0,0,3.374850886544614,17.625149113455386,20.5,21.5
811.0,17.419979575450853,17.62342561280733,8.809700365771233,21.0,0,3.376574387192669,17.62342561280733,20.5,21.5
812.0,17.418257519608918,17.621702593971435,8.810382640950595,21.0,0,3.3782974060285653,17.621702593971435,20.5,21.5
813.0,17.416535944633186,17.619980056632457,8.811063818989327,21.0,0,3.380019943367543,17.619980056632457,20.5,21.5
814.0,17.414814850208057,17.61825800047504,8.811743898965215,21.0,0,3.3817419995249587,17.61825800047504,20.5,21.5
815.0,17.41309423601781,17.616536425183703,8.812422879957529,21.0,0,3.3834635748162967,17.616536425183703,20.5,21.5
816.0,17.411374101746595,17.614815330442852,8.813100761047028,21.0,0,3.385184669557148,17.614815330442852,20.5,21.5
817.0,17.409654447078456,17.61309471593676,8.813777541315957,21.0,0,3.386905284063239,17.61309471593676,20.5,21.5
818.0,17.407935271697305,17.611374581349583,8.814453219848057,21.0,0,3.3886254186504168,17.611374581349583,20.5,21.5
819.0,17.406216575286933,17.60965492636536,8.815127795728554,21.0,0,3.3903450736346414,17.60965492636536,20.5,21.5
820.0,17.404498357531022,17.607935750668,8.815801268044172,21.0,0,3.3920642493320017,17.607935750668,20.5,21.5
821.0,17.402780618113123,17.6062170539413,8.816473635883126,21.0,0,3.3937829460586997,17.6062170539413,20.5,21.5
822.0,17.401063356716676,17.604498835868945,8.817144898335128,21.0,0,3.395501164131055,17.604498835868945,20.5,21.5
823.0,17.399346573025,17.602781096134485,8.817815054491387,21.0,0,3.3972189038655145,17.602781096134485,20.5,21.5
824.0,17.397630266721293,17.60106383442136,8.818484103444606,21.0,0,3.3989361655786396,17.60106383442136,20.5,21.5
825.0,17.39591443748864,17.59934705041288,8.819152044288991,21.0,0,3.400652949587119,17.59934705041288,20.5,21.5
826.0,17.394199085009998,17.59763074379226,8.819818876120248,21.0,0,3.4023692562077414,17.59763074379226,20.5,21.5
827.0,17.39248420896822,17.595914914242563,8.820484598035582,21.0,0,3.404085085757437,17.595914914242563,20.5,21.5
828.0,17.390769809046034,17.59419956144677,8.821149209133704,21.0,0,3.4058004385532286,17.59419956144677,20.5,21.5
829.0,17.38905588492605,17.592484685087722,8.821812708514825,21.0,0,3.4075153149122777,17.592484685087722,20.5,21.5
830.0,17.38734243629077,17.59077028484815,8.822475095280662,21.0,0,3.4092297151518487,17.59077028484815,20.5,21.5
831.0,17.385629462822568,17.589056360410666,8.823136368534442,21.0,0,3.410943639589334,17.589056360410666,20.5,21.5
832.0,17.38391696420371,17.587342911457764,8.823796527380896,21.0,0,3.412657088542236,17.587342911457764,20.5,21.5
833.0,17.382204940116345,17.585629937671825,8.824455570926263,21.0,0,3.4143700623281745,17.585629937671825,20.5,21.5
834.0,17.380493390242506,17.583917438735117,8.825113498278295,21.0,0,3.416082561264883,17.583917438735117,20.5,21.5
835.0,17.378782314264114,17.582205414329785,8.825770308546254,21.0,0,3.417794585670215,17.582205414329785,20.5,21.5
836.0,17.37707171186297,17.580493864137868,8.826426000840915,21.0,0,3.4195061358621324,17.580493864137868,20.5,21.5
837.0,17.375361582720767,17.57878278784128,8.827080574274563,21.0,0,3.4212172121587194,17.57878278784128,20.5,21.5
838.0,17.373651926519077,17.57707218512183,8.827734027961,21.0,0,3.4229278148781717,17.57707218512183,20.5,21.5
839.0,17.371942742939364,17.575362055661195,8.828386361015548,21.0,0,3.424637944338805,17.575362055661195,20.5,21.5
840.0,17.370234031662978,17.57365239914097,8.829037572555041,21.0,0,3.4263476008590317,17.57365239914097,20.5,21.5
841.0,17.368525792371155,17.571943215242605,8.829687661697834,21.0,0,3.428056784757395,17.571943215242605,20.5,21.5
842.0,17.366818024745022,17.57023450364746,8.830336627563797,21.0,0,3.429765496352541,17.57023450364746,20.5,21.5
843.0,17.365110728465584,17.56852626403676,8.830984469274329,21.0,0,3.431473735963241,17.56852626403676,20.5,21.5
844.0,17.363403903213747,17.566818496091635,8.831631185952341,21.0,0,3.433181503908365,17.566818496091635,20.5,21.5
845.0,17.361697548670296,17.565111199493096,8.832276776722278,21.0,0,3.4348888005069043,17.565111199493096,20.5,21.5
846.0,17.359991664515906,17.563404373922047,8.8329212407101,21.0,0,3.4365956260779527,17.563404373922047,20.5,21.5
847.0,17.358286250431146,17.56169801905927,8.833564577043296,21.0,0,3.4383019809407287,17.56169801905927,20.5,21.5
848.0,17.35658130609647,17.55999213458545,8.834206784850885,21.0,0,3.4400078654145503,17.55999213458545,20.5,21.5
849.0,17.35487683119222,17.558286720181144,8.834847863263406,21.0,0,3.441713279818856,17.558286720181144,20.5,21.5
850.0,17.353172825398637,17.556581775526812,8.835487811412936,21.0,0,3.443418224473188,17.556581775526812,20.5,21.5
851.0,17.35146928839584,17.5548773003028,8.836126628433076,21.0,0,3.445122699697201,17.5548773003028,20.5,21.5
852.0,17.34976621986385,17.55317329418934,8.836764313458962,21.0,0,3.446826705810661,17.55317329418934,20.5,21.5
853.0,17.348063619482566,17.551469756866556,8.837400865627258,21.0,0,3.448530243133444,17.551469756866556,20.5,21.5
854.0,17.346361486931794,17.549766688014472,8.838036284076168,21.0,0,3.450233311985528,17.549766688014472,20.5,21.5
855.0,17.344659821891224,17.54806408731299,8.838670567945424,21.0,0,3.4519359126870093,17.54806408731299,20.5,21.5
856.0,17.342958624040435,17.546361954441913,8.8393037163763,21.0,0,3.453638045558087,17.546361954441913,20.5,21.5
857.0,17.341257893058902,17.544660289080923,8.839935728511605,21.0,0,3.455339710919077,17.544660289080923,20.5,21.5
858.0,17.339557628625993,17.542959090909612,8.840566603495684,21.0,0,3.457040909090388,17.542959090909612,20.5,21.5
859.0,17.337857830420965,17.541258359607447,8.841196340474426,21.0,0,3.458741640392553,17.541258359607447,20.5,21.5
860.0,17.336158498122977,17.539558094853795,8.841824938595257,21.0,0,3.4604419051462045,17.539558094853795,20.5,21.5
861.0,17.33445963141107,17.53785829632792,8.842452397007147,21.0,0,3.4621417036720814,17.53785829632792,20.5,21.5
862.0,17.33276122996419,17.536158963708978,8.843078714860608,21.0,0,3.463841036291022,17.536158963708978,20.5,21.5
863.0,17.33106329346117,17.534460096676014,8.843703891307698,21.0,0,3.465539903323986,17.534460096676014,20.5,21.5
864.0,17.32936582158074,17.53276169490797,8.844327925502014,21.0,0,3.4672383050920317,17.53276169490797,20.5,21.5
865.0,17.327668814001523,17.53106375808368,8.84495081659871,21.0,0,3.468936241916321,17.53106375808368,20.5,21.5
866.0,17.325972270402044,17.52936628588187,8.845572563754478,21.0,0,3.4706337141181294,17.52936628588187,20.5,21.5
867.0,17.324276190460715,17.527669277981175,8.846193166127565,21.0,0,3.4723307220188246,17.527669277981175,20.5,21.5
868.0,17.32258057385585,17.52597273406011,8.846812622877762,21.0,0,3.4740272659398883,17.52597273406011,20.5,21.5
869.0,17.320885420265654,17.524276653797095,8.847430933166416,21.0,0,3.475723346202905,17.524276653797095,20.5,21.5
870.0,17.319190729368234,17.522581036870434,8.848048096156425,21.0,0,3.4774189631295656,17.522581036870434,20.5,21.5
871.0,17.317496500841592,17.520885882958346,8.84866411101224,21.0,0,3.4791141170416537,17.520885882958346,20.5,21.5
872.0,17.315802734363626,17.51919119173893,8.849278976899868,21.0,0,3.48080880826107,17.51919119173893,20.5,21.5
873.0,17.314109429612135,17.517496962890185,8.849892692986863,21.0,0,3.482503037109815,17.517496962890185,20.5,21.5
874.0,17.31241658626481,17.515803196090015,8.85050525844235,21.0,0,3.4841968039099847,17.515803196090015,20.5,21.5
875.0,17.310724203999246,17.51410989101622,8.851116672437,21.0,0,3.4858901089837815,17.51410989101622,20.5,21.5
876.0,17.309032282492932,17.512417047346485,8.851726934143048,21.0,0,3.487582952653515,17.512417047346485,20.5,21.5
877.0,17.307340821423264,17.510724664758413,8.852336042734288,21.0,0,3.4892753352415866,17.510724664758413,20.5,21.5
878.0,17.305649820467526,17.50903274292949,8.852943997386076,21.0,0,3.4909672570705084,17.50903274292949,20.5,21.5
879.0,17.30395927930291,17.507341281537112,8.853550797275327,21.0,0,3.492658718462888,17.507341281537112,20.5,21.5
880.0,17.302269197606503,17.50565028025856,8.854156441580525,21.0,0,3.4943497197414395,17.50565028025856,20.5,21.5
881.0,17.3005795750553,17.503959738771034,8.854760929481715,21.0,0,3.4960402612289663,17.503959738771034,20.5,21.5
882.0,17.298890411326184,17.502269656751615,8.855364260160506,21.0,0,3.497730343248385,17.502269656751615,20.5,21.5
883.0,17.29720170609595,17.500580033877302,8.855966432800079,21.0,0,3.499419966122698,17.500580033877302,20.5,21.5
884.0,17.295513459041292,17.49889086982498,8.856567446585176,21.0,0,3.5011091301750206,17.49889086982498,20.5,21.5
885.0,17.2938256698388,17.497202164271435,8.857167300702113,21.0,0,3.5027978357285647,17.497202164271435,20.5,21.5
886.0,17.29213833816497,17.495513916893373,8.857765994338774,21.0,0,3.5044860831066273,17.495513916893373,20.5,21.5
887.0,17.290451463696208,17.493826127367377,8.858363526684615,21.0,0,3.5061738726326226,17.493826127367377,20.5,21.5
888.0,17.288765046108804,17.492138795369947,8.858959896930664,21.0,0,3.5078612046300535,17.492138795369947,20.5,21.5
889.0,17.287079085078968,17.49045192057748,8.859555104269523,21.0,0,3.509548079422519,17.49045192057748,20.5,21.5
890.0,17.285393580282808,17.488765502666283,8.860149147895365,21.0,0,3.5112344973337173,17.488765502666283,20.5,21.5
891.0,17.28370853139633,17.487079541312557,8.860742027003944,21.0,0,3.512920458687443,17.487079541312557,20.5,21.5
892.0,17.28202393809545,17.485394036192407,8.861333740792585,21.0,0,3.5146059638075933,17.485394036192407,20.5,21.5
893.0,17.280339800055987,17.483708986981846,8.861924288460195,21.0,0,3.5162910130181544,17.483708986981846,20.5,21.5
894.0,17.27865611695367,17.482024393356784,8.862513669207257,21.0,0,3.5179756066432155,17.482024393356784,20.5,21.5
895.0,17.27697288846412,17.480340254993045,8.863101882235837,21.0,0,3.5196597450069547,17.480340254993045,20.5,21.5
896.0,17.275290114262873,17.478656571566354,8.863688926749576,21.0,0,3.521343428433646,17.478656571566354,20.5,21.5
897.0,17.27360779402537,17.476973342752338,8.864274801953705,21.0,0,3.5230266572476623,17.476973342752338,20.5,21.5
898.0,17.271925927426956,17.475290568226534,8.86485950705503,21.0,0,3.5247094317734664,17.475290568226534,20.5,21.5
899.0,17.27024451414288,17.473608247664373,8.86544304126195,21.0,0,3.526391752335627,17.473608247664373,20.5,21.5
900.0,17.268563553848306,17.47192638074121,-16.13397459621556,21.0,0,3.528073619258791,17.47192638074121,20.5,21.5
901.0,17.261883046218294,17.46924496713229,-16.133393406165936,21.0,0,3.5307550328677095,17.46924496713229,20.5,21.5
902.0,17.255203990927818,17.46556420651278,-16.132813389376018,21.0,0,3.5344357934872193,17.46556420651278,20.5,21.5
903.0,17.248526387451758,17.460884298517744,-16.13223454663107,21.0,0,3.539115701482256,17.460884298517744,20.5,21.5
904.0,17.24185023526494,17.455205442742155,-16.131656878714765,21.0,0,3.5447945572578448,17.455205442742155,20.5,21.5
905.0,17.235175533842146,17.448527838740922,-16.13108038640917,21.0,0,3.5514721612590776,17.448527838740922,20.5,21.5
906.0,17.228502282658095,17.44185168602888,-16.13050507049478,21.0,0,3.5581483139711203,17.44185168602888,20.5,21.5
907.0,17.221830481187464,17.435176984080808,-16.12993093175049,21.0,0,3.564823015919192,17.435176984080808,20.5,21.5
908.0,17.215160128904877,17.428503732371432,-16.1293579709536,21.0,0,3.571496267628568,17.428503732371432,20.5,21.5
909.0,17.208491225284906,17.421831930375426,-16.12878618887981,21.0,0,3.5781680696245743,17.421831930375426,20.5,21.5
910.0,17.201823769802072,17.415161577567414,-16.128215586303238,21.0,0,3.584838422432586,17.415161577567414,20.5,21.5
911.0,17.19515776193085,17.408492673421968,-16.127646163996392,21.0,0,3.591507326578032,17.408492673421968,20.5,21.5
912.0,17.188493201145665,17.40182521741361,-16.12707792273019,21.0,0,3.5981747825863906,17.40182521741361,20.5,21.5
913.0,17.18183008692089,17.39515920901681,-16.12651086327395,21.0,0,3.6048407909831894,17.39515920901681,20.5,21.5
914.0,17.175168418730852,17.388494647706,-16.125944986395382,21.0,0,3.6115053522939995,17.388494647706,20.5,21.5
915.0,17.168508196049828,17.38183153295555,-16.125380292860605,21.0,0,3.6181684670444483,17.38183153295555,20.5,21.5
916.0,17.161849418352045,17.37516986423979,-16.124816783434134,21.0,0,3.6248301357602095,17.37516986423979,20.5,21.5
917.0,17.155192085111686,17.368509641032993,-16.124254458878873,21.0,0,3.6314903589670067,17.368509641032993,20.5,21.5
918.0,17.148536195802887,17.361850862809398,-16.123693319956136,21.0,0,3.6381491371906023,17.361850862809398,20.5,21.5
919.0,17.141881749899735,17.355193529043174,-16.12313336742562,21.0,0,3.6448064709568264,17.355193529043174,20.5,21.5
920.0,17.13522874687627,17.348537639208462,-16.122574602045418,21.0,0,3.6514623607915375,17.348537639208462,20.5,21.5
921.0,17.128577186206485,17.341883192779353,-16.122017024572017,21.0,0,3.6581168072206474,17.341883192779353,20.5,21.5
922.0,17.12192706736433,17.335230189229883,-16.1214606357603,21.0,0,3.6647698107701174,17.335230189229883,20.5,21.5
923.0,17.115278389823704,17.328578628034045,-16.120905436363536,21.0,0,3.6714213719659554,17.328578628034045,20.5,21.5
924.0,17.108631153058468,17.321928508665792,-16.120351427133386,21.0,0,3.678071491334208,17.321928508665792,20.5,21.5
925.0,17.10198535654243,17.315279830599025,-16.119798608819888,21.0,0,3.6847201694009755,17.315279830599025,20.5,21.5
926.0,17.095340999749357,17.3086325933076,-16.11924698217149,21.0,0,3.6913674066924003,17.3086325933076,20.5,21.5
927.0,17.088698082152973,17.30198679626533,-16.11869654793501,21.0,0,3.6980132037346714,17.30198679626533,20.5,21.5
928.0,17.082056603226956,17.295342438945976,-16.118147306855654,21.0,0,3.7046575610540238,17.295342438945976,20.5,21.5
929.0,17.07541656244494,17.288699520823272,-16.117599259677014,21.0,0,3.711300479176728,17.288699520823272,20.5,21.5
930.0,17.068777959280514,17.282058041370888,-16.117052407141074,21.0,0,3.717941958629112,17.282058041370888,20.5,21.5
931.0,17.06214079320723,17.275418000062462,-16.116506749988183,21.0,0,3.724581999937538,17.275418000062462,20.5,21.5
932.0,17.055505063698593,17.268779396371585,-16.115962288957093,21.0,0,3.7312206036284152,17.268779396371585,20.5,21.5
933.0,17.048870770228064,17.262142229771808,-16.115419024784917,21.0,0,3.7378577702281923,17.262142229771808,20.5,21.5
934.0,17.042237912269062,17.255506499736633,-16.114876958207155,21.0,0,3.744493500263367,17.255506499736633,20.5,21.5
935.0,17.035606489294967,17.248872205739524,-16.114336089957696,21.0,0,3.7511277942604764,17.248872205739524,20.5,21.5
936.0,17.028976500779116,17.2422393472539,-16.113796420768786,21.0,0,3.7577606527461,17.2422393472539,20.5,21.5
937.0,17.022347946194806,17.235607923753143,-16.113257951371065,21.0,0,3.764392076246857,17.235607923753143,20.5,21.5
938.0,17.015720825015293,17.22897793471059,-16.11272068249354,21.0,0,3.7710220652894115,17.22897793471059,20.5,21.5
939.0,17.009095136713793,17.22234937959953,-16.1121846148636,21.0,0,3.7776506204004683,17.22234937959953,20.5,21.5
940.0,17.00247088076348,17.215722257893233,-16.111649749206997,21.0,0,3.7842777421067666,17.215722257893233,20.5,21.5
941.0,16.995848056637485,17.209096569064908,-16.11111608624786,21.0,0,3.790903430935092,17.209096569064908,20.5,21.5
942.0,16.989226663808907,17.20247231258773,-16.110583626708703,21.0,0,3.79752768741227,17.20247231258773,20.5,21.5
943.0,16.982606701750804,17.19584948793483,-16.11005237131039,21.0,0,3.8041505120651706,17.19584948793483,20.5,21.5
944.0,16.97598816993619,17.189228094579313,-16.109522320772157,21.0,0,3.810771905420687,17.189228094579313,20.5,21.5
945.0,16.96937106783805,17.182608131994225,-16.10899347581163,21.0,0,3.8173918680057746,17.182608131994225,20.5,21.5
946.0,16.96275539492932,17.175989599652592,-16.108465837144784,21.0,0,3.824010400347408,17.175989599652592,20.5,21.5
947.0,16.956141150682907,17.169372497027393,-16.10793940548596,21.0,0,3.8306275029726073,17.169372497027393,20.5,21.5
948.0,16.949528334571674,17.162756823591568,-16.107414181547874,21.0,0,3.837243176408432,17.162756823591568,20.5,21.5
949.0,16.94291694606845,17.15614257881802,-16.1068901660416,21.0,0,3.84385742118198,17.15614257881802,20.5,21.5
950.0,16.936306984646027,17.14952976217962,-16.10636735967659,21.0,0,3.8504702378203817,17.14952976217962,20.5,21.5
951.0,16.929698449777163,17.142918373149186,-16.10584576316063,21.0,0,3.857081626850814,17.142918373149186,20.5,21.5
952.0,16.923091340934576,17.13630841119952,-16.105325377199904,21.0,0,3.8636915888004815,17.13630841119952,20.5,21.5
953.0,16.91648565759095,17.129699875803375,-16.104806202498924,21.0,0,3.870300124196625,17.129699875803375,20.5,21.5
954.0,16.909881399218932,17.12309276643347,-16.104288239760585,21.0,0,3.8769072335665307,17.12309276643347,20.5,21.5
955.0,16.903278565291135,17.116487082562493,-16.10377148968614,21.0,0,3.883512917437507,17.116487082562493,20.5,21.5
956.0,16.89667715528014,17.109882823663085,-16.103255952975175,21.0,0,3.890117176336915,17.109882823663085,20.5,21.5
957.0,16.89007716865849,17.103279989207866,-16.10274163032567,21.0,0,3.8967200107921336,17.103279989207866,20.5,21.5
958.0,16.88347860489869,17.09667857866941,-16.10222852243394,21.0,0,3.9033214213305882,17.09667857866941,20.5,21.5
959.0,16.876881463473225,17.09007859152027,-16.101716629994648,21.0,0,3.909921408479729,17.09007859152027,20.5,21.5
960.0,16.87028574385453,17.083480027232948,-16.101205953700834,21.0,0,3.916519972767052,17.083480027232948,20.5,21.5
961.0,16.86369144551502,17.07688288527992,-16.100696494243874,21.0,0,3.9231171147200783,17.07688288527992,20.5,21.5
962.0,16.857098567927068,17.070287165133642,-16.1001882523135,21.0,0,3.9297128348663577,17.070287165133642,20.5,21.5
963.0,16.85050711056302,17.063692866266507,-16.099681228597806,21.0,0,3.936307133733493,17.063692866266507,20.5,21.5
964.0,16.843917072895188,17.0570999881509,-16.099175423783223,21.0,0,3.942900011849101,17.0570999881509,20.5,21.5
965.0,16.837328454395852,17.05050853025916,-16.09867083855454,21.0,0,3.9494914697408383,17.05050853025916,20.5,21.5
966.0,16.830741254537262,17.04391849206361,-16.098167473594884,21.0,0,3.956081507936389,17.04391849206361,20.5,21.5
967.0,16.824155472791634,17.037329873036523,-16.09766532958575,21.0,0,3.962670126963477,17.037329873036523,20.5,21.5
968.0,16.81757110863116,17.030742672650153,-16.097164407206964,21.0,0,3.9692573273498475,17.030742672650153,20.5,21.5
969.0,16.81098816152799,17.024156890376712,-16.0966647071367,21.0,0,3.9758431096232876,17.024156890376712,20.5,21.5
970.0,16.804406630954258,17.017572525688397,-16.09616623005148,21.0,0,3.982427474311603,17.017572525688397,20.5,21.5
971.0,16.797826516382056,17.010989578057355,-16.095668976626172,21.0,0,3.9890104219426448,17.010989578057355,20.5,21.5
972.0,16.791247817283455,17.00440804695572,-16.09517294753398,21.0,0,3.995591953044279,17.00440804695572,20.5,21.5
973.0,16.78467053313049,16.997827931855586,-16.094678143446462,21.0,0,4.002172068144414,16.997827931855586,20.5,21.5
974.0,16.778094663395176,16.991249232229023,-16.09418456503351,21.0,0,4.008750767770977,16.991249232229023,20.5,21.5
975.0,16.77152020754949,16.984671947548073,-16.09369221296335,21.0,0,4.0153280524519275,16.984671947548073,20.5,21.5
976.0,16.764947165065387,16.97809607728474,-16.093201087902564,21.0,0,4.021903922715261,16.97809607728474,20.5,21.5
977.0,16.758375535414793,16.971521620911005,-16.092711190516063,21.0,0,4.028478379088995,16.971521620911005,20.5,21.5
978.0,16.751805318069607,16.964948577898827,-16.092222521467093,21.0,0,4.035051422101173,16.964948577898827,20.5,21.5
979.0,16.745236512501698,16.958376947720133,-16.09173508141724,21.0,0,4.041623052279867,16.958376947720133,20.5,21.5
980.0,16.738669118182916,16.951806729846815,-16.091248871026437,21.0,0,4.048193270153185,16.951806729846815,20.5,21.5
981.0,16.732103134585074,16.945237923750756,-16.090763890952932,21.0,0,4.054762076249244,16.945237923750756,20.5,21.5
982.0,16.725538561179967,16.938670528903792,-16.09028014185332,21.0,0,4.061329471096208,16.938670528903792,20.5,21.5
983.0,16.718975397439362,16.93210454477774,-16.089797624382534,21.0,0,4.06789545522226,16.93210454477774,20.5,21.5
984.0,16.712413642834996,16.9255399708444,-16.08931633919382,21.0,0,4.074460029155599,16.9255399708444,20.5,21.5
985.0,16.70585329683859,16.918976806575536,-16.088836286938783,21.0,0,4.081023193424464,16.918976806575536,20.5,21.5
986.0,16.699294358921836,16.912415051442885,-16.088357468267333,21.0,0,4.087584948557115,16.912415051442885,20.5,21.5
987.0,16.6927368285564,16.905854704918173,-16.087879883827725,21.0,0,4.094145295081827,16.905854704918173,20.5,21.5
988.0,16.68618070521392,16.899295766473085,-16.087403534266542,21.0,0,4.1007042335269155,16.899295766473085,20.5,21.5
989.0,16.679625988366027,16.892738235579294,-16.086928420228688,21.0,0,4.107261764420706,16.892738235579294,20.5,21.5
990.0,16.673072677484306,16.886182111708436,-16.0864545423574,21.0,0,4.113817888291564,16.886182111708436,20.5,21.5
991.0,16.66652077204034,16.87962739433214,-16.08598190129424,21.0,0,4.1203726056678605,16.87962739433214,20.5,21.5
992.0,16.65997027150567,16.873074082921995,-16.085510497679095,21.0,0,4.126925917078005,16.873074082921995,20.5,21.5
993.0,16.653421175351834,16.866522176949577,-16.085040332150175,21.0,0,4.133477823050423,16.866522176949577,20.5,21.5
994.0,16.646873483050335,16.859971675886435,-16.084571405344022,21.0,0,4.140028324113565,16.859971675886435,20.5,21.5
995.0,16.640327194072658,16.853422579204107,-16.084103717895488,21.0,0,4.146577420795893,16.853422579204107,20.5,21.5
996.0,16.633782307890264,16.846874886374092,-16.083637270437762,21.0,0,4.153125113625908,16.846874886374092,20.5,21.5
997.0,16.627238823974597,16.840328596867877,-16.083172063602337,21.0,0,4.159671403132123,16.840328596867877,20.5,21.5
998.0,16.620696741797083,16.83378371015693,-16.082708098019044,21.0,0,4.166216289843071,16.83378371015693,20.5,21.5
999.0,16.61415606082912,16.827240225712686,-16.082245374316017,21.0,0,4.172759774287314,16.827240225712686,20.5,21.5
1000.0,16.60761678054209,16.820698143006574,-16.081783893119727,21.0,0,4.179301856993426,16.820698143006574,20.5,21.5
1001.0,16.60107890040736,16.814157461509993,-16.081323655054945,21.0,0,4.185842538490007,16.814157461509993,20.5,21.5
1002.0,16.594542419896268,16.807618180694327,-16.080864660744766,21.0,0,4.192381819305673,16.807618180694327,20.5,21.5
1003.0,16.58800733848014,16.80108030003094,-16.080406910810606,21.0,0,4.198919699969061,16.80108030003094,20.5,21.5
1004.0,16.58147365563028,16.794543818991173,-16.07995040587219,21.0,0,4.205456181008827,16.794543818991173,20.5,21.5
1005.0,16.574941370817978,16.788008737046347,-16.079495146547558,21.0,0,4.211991262953653,16.788008737046347,20.5,21.5
1006.0,16.568410483514505,16.781475053667776,-16.07904113345307,21.0,0,4.218524946332224,16.781475053667776,20.5,21.5
1007.0,16.56188099319111,16.774942768326746,-16.07858836720339,21.0,0,4.225057231673254,16.774942768326746,20.5,21.5
1008.0,16.555352899319033,16.768411880494526,-16.0781368484115,21.0,0,4.231588119505474,16.768411880494526,20.5,21.5
1009.0,16.548826201369486,16.761882389642366,-16.077686577688688,21.0,0,4.238117610357634,16.761882389642366,20.5,21.5
1010.0,16.542300898813675,16.755354295241506,-16.077237555644558,21.0,0,4.244645704758494,16.755354295241506,20.5,21.5
1011.0,16.535776991122784,16.74882759676316,-16.07678978288702,21.0,0,4.25117240323684,16.74882759676316,20.5,21.5
1012.0,16.52925447776798,16.742302293678534,-16.07634326002229,21.0,0,4.257697706321466,16.742302293678534,20.5,21.5
1013.0,16.522733358220425,16.73577838545881,-16.075897987654905,21.0,0,4.264221614541189,16.73577838545881,20.5,21.5
1014.0,16.51621363195125,16.729255871575166,-16.075453966387688,21.0,0,4.270744128424834,16.729255871575166,20.5,21.5
1015.0,16.50969529843158,16.722734751498745,-16.075011196821784,21.0,0,4.277265248501255,16.722734751498745,20.5,21.5
1016.0,16.50317835713253,16.716215024700695,-16.07456967955664,21.0,0,4.283784975299305,16.716215024700695,20.5,21.5
1017.0,16.49666280752519,16.709696690652134,-16.074129415190008,21.0,0,4.290303309347866,16.709696690652134,20.5,21.5
1018.0,16.49014864908065,16.703179748824176,-16.073690404317936,21.0,0,4.296820251175824,16.703179748824176,20.5,21.5
1019.0,16.48363588126997,16.69666419868792,-16.073252647534783,21.0,0,4.30333580131208,16.69666419868792,20.5,21.5
1020.0,16.47712450356421,16.690150039714446,-16.07281614543321,21.0,0,4.309849960285554,16.690150039714446,20.5,21.5
1021.0,16.47061451543441,16.683637271374824,-16.07238089860418,21.0,0,4.316362728625176,16.683637271374824,20.5,21.5
1022.0,16.464105916351603,16.677125893140108,-16.071946907636953,21.0,0,4.322874106859892,16.677125893140108,20.5,21.5
1023.0,16.457598705786804,16.670615904481338,-16.071514173119084,21.0,0,4.329384095518662,16.670615904481338,20.5,21.5
1024.0,16.45109288321102,16.66410730486955,-16.07108269563644,21.0,0,4.33589269513045,16.66410730486955,20.5,21.5
1025.0,16.444588448095253,16.657600093775756,-16.07065247577318,21.0,0,4.342399906224244,16.657600093775756,20.5,21.5
1026.0,16.43808539991048,16.65109427067097,-16.07022351411175,21.0,0,4.348905729329029,16.65109427067097,20.5,21.5
1027.0,16.431583738127678,16.644589835026185,-16.069795811232908,21.0,0,4.355410164973815,16.644589835026185,20.5,21.5
1028.0,16.425083462217806,16.638086786312385,-16.0693693677157,21.0,0,4.361913213687615,16.638086786312385,20.5,21.5
1029.0,16.41858457165182,16.631585124000544,-16.06894418413747,21.0,0,4.368414875999456,16.631585124000544,20.5,21.5
1030.0,16.41208706590066,16.62508484756163,-16.068520261073857,21.0,0,4.374915152438369,16.62508484756163,20.5,21.5
1031.0,16.405590944435264,16.618585956466585,-16.068097599098788,21.0,0,4.381414043533415,16.618585956466585,20.5,21.5
1032.0,16.399096206726558,16.612088450186363,-16.06767619878449,21.0,0,4.387911549813637,16.612088450186363,20.5,21.5
1033.0,16.392602852245457,16.605592328191896,-16.06725606070147,21.0,0,4.3944076718081035,16.605592328191896,20.5,21.5
1034.0,16.386110880462866,16.599097589954106,-16.066837185418542,21.0,0,4.400902410045894,16.599097589954106,20.5,21.5
1035.0,16.37962029084969,16.592604234943913,-16.0664195735028,21.0,0,4.407395765056087,16.592604234943913,20.5,21.5
1036.0,16.37313108287682,16.58611226263222,-16.066003225519626,21.0,0,4.41388773736778,16.58611226263222,20.5,21.5
1037.0,16.36664325601514,16.57962167248994,-16.065588142032702,21.0,0,4.420378327510061,16.57962167248994,20.5,21.5
1038.0,16.360156809735532,16.573132463987953,-16.065174323603983,21.0,0,4.426867536012047,16.573132463987953,20.5,21.5
1039.0,16.353671743508865,16.56664463659715,-16.06476177079373,21.0,0,4.43335536340285,16.56664463659715,20.5,21.5
1040.0,16.347188056806004,16.560158189788414,-16.06435048416047,21.0,0,4.439841810211586,16.560158189788414,20.5,21.5
1041.0,16.34070574909781,16.55367312303261,-16.063940464261027,21.0,0,4.44632687696739,16.55367312303261,20.5,21.5
1042.0,16.33422481985514,16.54718943580061,-16.063531711650512,21.0,0,4.452810564199389,16.54718943580061,20.5,21.5
1043.0,16.32774526854884,16.540707127563273,-16.063124226882316,21.0,0,4.459292872436727,16.540707127563273,20.5,21.5
1044.0,16.321267094649752,16.53422619779145,-16.062718010508107,21.0,0,4.465773802208549,16.53422619779145,20.5,21.5
1045.0,16.31479029762872,16.527746645955993,-16.062313063077855,21.0,0,4.472253354044007,16.527746645955993,20.5,21.5
1046.0,16.308314876956576,16.521268471527748,-16.061909385139792,21.0,0,4.478731528472252,16.521268471527748,20.5,21.5
1047.0,16.30184083210416,16.51479167397755,-16.061506977240445,21.0,0,4.485208326022448,16.51479167397755,20.5,21.5
1048.0,16.29536816254229,16.508316252776243,-16.061105839924608,21.0,0,4.491683747223757,16.508316252776243,20.5,21.5
1049.0,16.288896867741794,16.501842207394652,-16.060705973735374,21.0,0,4.4981577926053475,16.501842207394652,20.5,21.5
1050.0,16.282426947173498,16.495369537303606,-16.06030737921409,21.0,0,4.504630462696394,16.495369537303606,20.5,21.5
1051.0,16.27595840030822,16.488898241973935,-16.059910056900407,21.0,0,4.511101758026065,16.488898241973935,20.5,21.5
1052.0,16.26949122661678,16.48242832087646,-16.05951400733224,21.0,0,4.517571679123542,16.48242832087646,20.5,21.5
1053.0,16.26302542556999,16.475959773481996,-16.059119231045777,21.0,0,4.524040226518004,16.475959773481996,20.5,21.5
1054.0,16.256560996638665,16.469492599261372,-16.05872572857549,21.0,0,4.530507400738628,16.469492599261372,20.5,21.5
1055.0,16.25009793929362,16.463026797685394,-16.058333500454125,21.0,0,4.536973202314606,16.463026797685394,20.5,21.5
1056.0,16.243636253005672,16.456562368224887,-16.057942547212704,21.0,0,4.543437631775113,16.456562368224887,20.5,21.5
1057.0,16.237175937245627,16.450099310350655,-16.05755286938052,21.0,0,4.549900689649345,16.450099310350655,20.5,21.5
1058.0,16.230716991484304,16.443637623533515,-16.057164467485137,21.0,0,4.556362376466485,16.443637623533515,20.5,21.5
1059.0,16.22425941519251,16.437177307244287,-16.0567773420524,21.0,0,4.562822692755713,16.437177307244287,20.5,21.5
1060.0,16.21780320784106,16.430718360953772,-16.056391493606416,21.0,0,4.569281639046228,16.430718360953772,20.5,21.5
1061.0,16.211348368900772,16.42426078413279,-16.056006922669575,21.0,0,4.575739215867209,16.42426078413279,20.5,21.5
1062.0,16.204894897842458,16.41780457625216,-16.05562362976252,21.0,0,4.582195423747841,16.41780457625216,20.5,21.5
1063.0,16.198442794136938,16.411349736782686,-16.055241615404178,21.0,0,4.588650263217314,16.411349736782686,20.5,21.5
1064.0,16.191992057255028,16.404896265195188,-16.054860880111747,21.0,0,4.5951037348048125,16.404896265195188,20.5,21.5
1065.0,16.185542686667556,16.398444160960487,-16.054481424400684,21.0,0,4.601555839039513,16.398444160960487,20.5,21.5
1066.0,16.179094681845342,16.3919934235494,-16.054103248784713,21.0,0,4.608006576450599,16.3919934235494,20.5,21.5
1067.0,16.172648042259215,16.385544052432756,-16.053726353775833,21.0,0,4.614455947567244,16.385544052432756,20.5,21.5
1068.0,16.166202767380007,16.37909604708137,-16.0533507398843,21.0,0,4.620903952918631,16.37909604708137,20.5,21.5
1069.0,16.159758856678554,16.372649406966072,-16.05297640761865,21.0,0,4.627350593033928,16.372649406966072,20.5,21.5
1070.0,16.153316309625694,16.3662041315577,-16.052603357485673,21.0,0,4.633795868442299,16.3662041315577,20.5,21.5
1071.0,16.146875125692272,16.359760220327086,-16.052231589990413,21.0,0,4.640239779672914,16.359760220327086,20.5,21.5
1072.0,16.140435304349136,16.35331767274507,-16.051861105636203,21.0,0,4.646682327254929,16.35331767274507,20.5,21.5
1073.0,16.133996845067138,16.346876488282497,-16.051491904924617,21.0,0,4.653123511717503,16.346876488282497,20.5,21.5
1074.0,16.12755974731714,16.340436666410216,-16.051123988355503,21.0,0,4.659563333589784,16.340436666410216,20.5,21.5
1075.0,16.121124010570004,16.333998206599077,-16.050757356426967,21.0,0,4.666001793400923,16.333998206599077,20.5,21.5
1076.0,16.114689634296603,16.32756110831994,-16.050392009635374,21.0,0,4.672438891680059,16.32756110831994,20.5,21.5
1077.0,16.108256617967818,16.321125371043678,-16.050027948475346,21.0,0,4.678874628956322,16.321125371043678,20.5,21.5
1078.0,16.10182496105453,16.314690994241158,-16.049665173439777,21.0,0,4.6853090057588425,16.314690994241158,20.5,21.5
1079.0,16.09539466302763,16.308257977383256,-16.04930368501981,21.0,0,4.691742022616744,16.308257977383256,20.5,21.5
1080.0,16.08896572335802,16.301826319940858,-16.048943483704846,21.0,0,4.698173680059142,16.301826319940858,20.5,21.5
1081.0,16.082538141516608,16.29539602138486,-16.048584569982545,21.0,0,4.70460397861514,16.29539602138486,20.5,21.5
1082.0,16.07611191697431,16.288967081186158,-16.04822694433883,21.0,0,4.711032918813842,16.288967081186158,20.5,21.5
1083.0,16.069687049202045,16.282539498815662,-16.047870607257863,21.0,0,4.717460501184338,16.282539498815662,20.5,21.5
1084.0,16.063263537670753,16.27611327374429,-16.047515559222077,21.0,0,4.72388672625571,16.27611327374429,20.5,21.5
1085.0,16.056841381851374,16.26968840544296,-16.047161800712164,21.0,0,4.73031159455704,16.26968840544296,20.5,21.5
1086.0,16.050420581214862,16.263264893382612,-16.046809332207054,21.0,0,4.736735106617388,16.263264893382612,20.5,21.5
1087.0,16.04400113523218,16.256842737034184,-16.046458154183938,21.0,0,4.743157262965816,16.256842737034184,20.5,21.5
1088.0,16.037583043374294,16.250421935868633,-16.046108267118264,21.0,0,4.7495780641313665,16.250421935868633,20.5,21.5
1089.0,16.031166305112194,16.244002489356923,-16.045759671483722,21.0,0,4.755997510643077,16.244002489356923,20.5,21.5
1090.0,16.024750919916876,16.23758439697002,-16.04541236775227,21.0,0,4.762415603029979,16.23758439697002,20.5,21.5
1091.0,16.01833688725934,16.23116765817892,-16.045066356394095,21.0,0,4.768832341821081,16.23116765817892,20.5,21.5
1092.0,16.01192420661061,16.2247522724546,-16.044721637877657,21.0,0,4.775247727545398,16.2247522724546,20.5,21.5
1093.0,16.005512877441713,16.218338239268085,-16.04437821266965,21.0,0,4.7816617607319145,16.218338239268085,20.5,21.5
1094.0,15.999102899223692,16.211925558090385,-16.04403608123502,21.0,0,4.788074441909615,16.211925558090385,20.5,21.5
1095.0,15.9926942714276,16.20551422839253,-16.043695244036964,21.0,0,4.794485771607469,16.20551422839253,20.5,21.5
1096.0,15.986286993524507,16.199104249645565,-16.04335570153693,21.0,0,4.800895750354435,16.199104249645565,20.5,21.5
1097.0,15.979881064985495,16.192695621320542,-16.043017454194608,21.0,0,4.807304378679458,16.192695621320542,20.5,21.5
1098.0,15.973476485281658,16.18628834288853,-16.04268050246793,21.0,0,4.813711657111469,16.18628834288853,20.5,21.5
1099.0,15.967073253884108,16.179882413820614,-16.04234484681309,21.0,0,4.820117586179386,16.179882413820614,20.5,21.5
1100.0,15.960671370263968,16.17347783358789,-16.04201048768451,21.0,0,4.826522166412111,16.17347783358789,20.5,21.5
1101.0,15.954270833892378,16.167074601661465,-16.041677425534864,21.0,0,4.832925398338535,16.167074601661465,20.5,21.5
1102.0,15.947871644240493,16.160672717512465,-16.041345660815075,21.0,0,4.839327282487535,16.160672717512465,20.5,21.5
1103.0,15.941473800779482,16.154272180612033,-16.0410151939743,21.0,0,4.845727819387967,16.154272180612033,20.5,21.5
1104.0,15.935077302980531,16.147872990431317,-16.04068602545994,21.0,0,4.852127009568683,16.147872990431317,20.5,21.5
1105.0,15.928682150314843,16.14147514644149,-16.04035815571765,21.0,0,4.85852485355851,16.14147514644149,20.5,21.5
1106.0,15.922288342253637,16.13507864811374,-16.040031585191315,21.0,0,4.8649213518862595,16.13507864811374,20.5,21.5
1107.0,15.915895878268149,16.128683494919272,-16.039706314323055,21.0,0,4.871316505080728,16.128683494919272,20.5,21.5
1108.0,15.90950475782963,16.122289686329303,-16.039382343553253,21.0,0,4.877710313670697,16.122289686329303,20.5,21.5
1109.0,15.903114980409354,16.115897221815068,-16.039059673320512,21.0,0,4.884102778184932,16.115897221815068,20.5,21.5
1110.0,15.896726545478607,16.109506100847817,-16.03873830406168,21.0,0,4.890493899152183,16.109506100847817,20.5,21.5
1111.0,15.8903394525087,16.10311632289883,-16.038418236211847,21.0,0,4.896883677101169,16.10311632289883,20.5,21.5
1112.0,15.883953700970956,16.096727887439393,-16.038099470204337,21.0,0,4.903272112560607,16.096727887439393,20.5,21.5
1113.0,15.877569290336721,16.09034079394081,-16.037782006470714,21.0,0,4.909659206059189,16.09034079394081,20.5,21.5
1114.0,15.871186220077359,16.08395504187441,-16.037465845440778,21.0,0,4.916044958125589,16.08395504187441,20.5,21.5
1115.0,15.864804489664255,16.07757063071154,-16.03715098754256,21.0,0,4.922429369288459,16.07757063071154,20.5,21.5
1116.0,15.858424098568815,16.071187559923565,-16.036837433202344,21.0,0,4.928812440076435,16.071187559923565,20.5,21.5
1117.0,15.852045046262461,16.064805828981868,-16.03652518284462,21.0,0,4.935194171018132,16.064805828981868,20.5,21.5
1118.0,15.845667332216639,16.058425437357847,-16.036214236892146,21.0,0,4.941574562642153,16.058425437357847,20.5,21.5
1119.0,15.839290955902817,16.052046384522942,-16.035904595765892,21.0,0,4.947953615477058,16.052046384522942,20.5,21.5
1120.0,15.832915916792484,16.04566866994859,-16.03559625988506,21.0,0,4.95433133005141,16.04566866994859,20.5,21.5
1121.0,15.826542214357149,16.039292293106257,-16.0352892296671,21.0,0,4.960707706893743,16.039292293106257,20.5,21.5
1122.0,15.820169848068344,16.032917253467435,-16.034983505527688,21.0,0,4.967082746532565,16.032917253467435,20.5,21.5
1123.0,15.813798817397625,16.026543550503632,-16.034679087880725,21.0,0,4.973456449496368,16.026543550503632,20.5,21.5
1124.0,15.80742912181657,16.020171183686383,-16.03437597713835,21.0,0,4.979828816313617,16.020171183686383,20.5,21.5
1125.0,15.80106076079678,16.013800152487242,-16.034074173710934,21.0,0,4.986199847512758,16.013800152487242,20.5,21.5
1126.0,15.79469373380988,16.00743045637779,-16.033773678007066,21.0,0,4.99256954362221,16.00743045637779,20.5,21.5
1127.0,15.788328040327515,16.001062094829624,-16.033474490433584,21.0,0,4.998937905170376,16.001062094829624,20.5,21.5
1128.0,15.781963679821363,15.994695067314371,-16.03317661139554,21.0,0,5.005304932685629,15.994695067314371,20.5,21.5
1129.0,15.775600651763119,15.98832937330368,-16.03288004129622,21.0,0,5.01167062669632,15.98832937330368,20.5,21.5
1130.0,15.769238955624507,15.981965012269225,-16.032584780537135,21.0,0,5.0180349877307755,15.981965012269225,20.5,21.5
1131.0,15.762878590877275,15.975601983682704,-16.03229082951803,21.0,0,5.024398016317296,15.975601983682704,20.5,21.5
1132.0,15.756519556993196,15.969240287015841,-16.031998188636866,21.0,0,5.030759712984159,15.969240287015841,20.5,21.5
1133.0,15.75016185344407,15.962879921740385,-16.031706858289837,21.0,0,5.0371200782596155,15.962879921740385,20.5,21.5
1134.0,15.743805479701722,15.956520887328105,-16.03141683887137,21.0,0,5.0434791126718945,15.956520887328105,20.5,21.5
1135.0,15.737450435238006,15.950163183250805,-16.0311281307741,21.0,0,5.049836816749195,15.950163183250805,20.5,21.5
1136.0,15.731096719524803,15.943806808980309,-16.0308407343889,21.0,0,5.056193191019691,15.943806808980309,20.5,21.5
1137.0,15.724744332034021,15.937451763988474,-16.03055465010486,21.0,0,5.062548236011526,15.937451763988474,20.5,21.5
1138.0,15.718393272237593,15.931098047747179,-16.030269878309305,21.0,0,5.068901952252821,15.931098047747179,20.5,21.5
1139.0,15.712043539607484,15.92474565972833,-16.02998641938776,21.0,0,5.07525434027167,15.92474565972833,20.5,21.5
1140.0,15.705695133615684,15.918394599403864,-16.029704273724004,21.0,0,5.0816054005961355,15.918394599403864,20.5,21.5
1141.0,15.699348053734216,15.912044866245747,-16.02942344170001,21.0,0,5.087955133754253,15.912044866245747,20.5,21.5
1142.0,15.693002299435129,15.905696459725968,-16.02914392369599,21.0,0,5.094303540274032,15.905696459725968,20.5,21.5
1143.0,15.686657870190503,15.89934937931655,-16.028865720090366,21.0,0,5.100650620683449,15.89934937931655,20.5,21.5
1144.0,15.680314765472447,15.893003624489543,-16.028588831259786,21.0,0,5.106996375510457,15.893003624489543,20.5,21.5
1145.0,15.673972984753101,15.886659194717026,-16.02831325757912,21.0,0,5.113340805282974,15.886659194717026,20.5,21.5
1146.0,15.667632527504635,15.880316089471112,-16.028038999421454,21.0,0,5.119683910528888,15.880316089471112,20.5,21.5
1147.0,15.66129339319925,15.873974308223936,-16.027766057158093,21.0,0,5.126025691776064,15.873974308223936,20.5,21.5
1148.0,15.654955581309178,15.86763385044767,-16.027494431158562,21.0,0,5.132366149552331,15.86763385044767,20.5,21.5
1149.0,15.648619091306685,15.861294715614516,-16.027224121790603,21.0,0,5.138705284385484,15.861294715614516,20.5,21.5
1150.0,15.642283922664065,15.854956903196712,-16.026955129420177,21.0,0,5.145043096803288,15.854956903196712,20.5,21.5
1151.0,15.635950074853648,15.848620412666511,-16.02668745441146,21.0,0,5.151379587333489,15.848620412666511,20.5,21.5
1152.0,15.629617547347795,15.842285243496221,-16.02642109712684,21.0,0,5.157714756503779,15.842285243496221,20.5,21.5
1153.0,15.6232863396189,15.835951395158167,-16.026156057926933,21.0,0,5.164048604841833,15.835951395158167,20.5,21.5
1154.0,15.61695645113939,15.829618867124708,-16.02589233717056,21.0,0,5.170381132875292,15.829618867124708,20.5,21.5
1155.0,15.61062788138173,15.823287658868242,-16.025629935214766,21.0,0,5.176712341131758,15.823287658868242,20.5,21.5
1156.0,15.60430062981841,15.816957769861196,-16.025368852414797,21.0,0,5.183042230138804,15.816957769861196,20.5,21.5
1157.0,15.597974695921963,15.81062919957603,-16.02510908912413,21.0,0,5.189370800423969,15.81062919957603,20.5,21.5
1158.0,15.591650079164953,15.80430194748524,-16.024850645694436,21.0,0,5.195698052514761,15.80430194748524,20.5,21.5
1159.0,15.585326779019981,15.797976013061358,-16.02459352247562,21.0,0,5.2020239869386415,15.797976013061358,20.5,21.5
1160.0,15.579004794959681,15.791651395776947,-16.024337719815787,21.0,0,5.208348604223053,15.791651395776947,20.5,21.5
1161.0,15.572684126456727,15.785328095104608,-16.02408323806125,21.0,0,5.214671904895392,15.785328095104608,20.5,21.5
1162.0,15.566364772983823,15.77900611051698,-16.023830077556553,21.0,0,5.220993889483021,15.77900611051698,20.5,21.5
1163.0,15.560046734013715,15.772685441486733,-16.023578238644426,21.0,0,5.227314558513267,15.772685441486733,20.5,21.5
1164.0,15.553730009019183,15.76636608748657,-16.023327721665833,21.0,0,5.2336339125134295,15.76636608748657,20.5,21.5
1165.0,15.547414597473047,15.760048047989248,-16.023078526959928,21.0,0,5.2399519520107525,15.760048047989248,20.5,21.5
1166.0,15.541100498848161,15.753731322467534,-16.022830654864094,21.0,0,5.246268677532466,15.753731322467534,20.5,21.5
1167.0,15.534787712617419,15.747415910394253,-16.022584105713904,21.0,0,5.252584089605747,15.747415910394253,20.5,21.5
1168.0,15.528476238253752,15.74110181124226,-16.022338879843158,21.0,0,5.25889818875774,15.74110181124226,20.5,21.5
1169.0,15.522166075230134,15.734789024484451,-16.02209497758385,21.0,0,5.265210975515549,15.734789024484451,20.5,21.5
1170.0,15.515857223019571,15.728477549593753,-16.021852399266194,21.0,0,5.271522450406247,15.728477549593753,20.5,21.5
1171.0,15.509549681095114,15.722167386043145,-16.021611145218603,21.0,0,5.277832613956855,15.722167386043145,20.5,21.5
1172.0,15.503243448929851,15.715858533305632,-16.0213712157677,21.0,0,5.2841414666943685,15.715858533305632,20.5,21.5
1173.0,15.496938525996912,15.709550990854265,-16.021132611238315,21.0,0,5.2904490091457355,15.709550990854265,20.5,21.5
1174.0,15.490634911769465,15.703244758162132,-16.020895331953483,21.0,0,5.296755241837868,15.703244758162132,20.5,21.5
1175.0,15.48433260572072,15.69693983470236,-16.02065937823445,21.0,0,5.303060165297641,15.69693983470236,20.5,21.5
1176.0,15.47803160732393,15.690636219948123,-16.020424750400657,21.0,0,5.309363780051877,15.690636219948123,20.5,21.5
1177.0,15.471731916052384,15.68433391337263,-16.020191448769758,21.0,0,5.31566608662737,15.68433391337263,20.5,21.5
1178.0,15.46543353137942,15.67803291444913,-16.019959473657615,21.0,0,5.32196708555087,15.67803291444913,20.5,21.5
1179.0,15.459136452778413,15.67173322265092,-16.01972882537828,21.0,0,5.32826677734908,15.67173322265092,20.5,21.5
1180.0,15.452840679722781,15.665434837451334,-16.01949950424402,21.0,0,5.334565162548666,15.665434837451334,20.5,21.5
1181.0,15.446546211685988,15.659137758323746,-16.019271510565307,21.0,0,5.340862241676254,15.659137758323746,20.5,21.5
1182.0,15.440253048141537,15.652841984741576,-16.019044844650807,21.0,0,5.347158015258424,15.652841984741576,20.5,21.5
1183.0,15.433961188562979,15.646547516178288,-16.018819506807397,21.0,0,5.353452483821712,15.646547516178288,20.5,21.5
1184.0,15.427670632423904,15.640254352107386,-16.018595497340147,21.0,0,5.359745647892614,15.640254352107386,20.5,21.5
1185.0,15.421381379197951,15.63396249200242,-16.018372816552336,21.0,0,5.36603750799758,15.63396249200242,20.5,21.5
1186.0,15.415093428358801,15.627671935336982,-16.01815146474544,21.0,0,5.372328064663018,15.627671935336982,20.5,21.5
1187.0,15.40880677938018,15.621382681584711,-16.01793144221914,21.0,0,5.378617318415289,15.621382681584711,20.5,21.5
1188.0,15.40252143173586,15.615094730219289,-16.01771274927131,21.0,0,5.384905269780711,15.615094730219289,20.5,21.5
1189.0,15.396237384899658,15.60880808071444,-16.017495386198036,21.0,0,5.391191919285561,15.60880808071444,20.5,21.5
1190.0,15.389954638345438,15.602522732543935,-16.01727935329359,21.0,0,5.397477267456065,15.602522732543935,20.5,21.5
1191.0,15.38367319154711,15.596238685181595,-16.017064650850443,21.0,0,5.403761314818405,15.596238685181595,20.5,21.5
1192.0,15.37739304397863,15.589955938101287,-16.016851279159287,21.0,0,5.410044061898713,15.589955938101287,20.5,21.5
1193.0,15.371114195114002,15.583674490776918,-16.016639238508986,21.0,0,5.416325509223082,15.583674490776918,20.5,21.5
1194.0,15.364836644427276,15.577394342682442,-16.016428529186612,21.0,0,5.422605657317558,15.577394342682442,20.5,21.5
1195.0,15.358560391392553,15.571115493291865,-16.016219151477443,21.0,0,5.428884506708135,15.571115493291865,20.5,21.5
1196.0,15.352285435483978,15.56483794207924,-16.016011105664937,21.0,0,5.43516205792076,15.56483794207924,20.5,21.5
1197.0,15.346011776175748,15.558561688518662,-16.01580439203076,21.0,0,5.441438311481338,15.558561688518662,20.5,21.5
1198.0,15.339739412942107,15.552286732084283,-16.01559901085477,21.0,0,5.4477132679157165,15.552286732084283,20.5,21.5
1199.0,15.333468345257348,15.546013072250298,-16.01539496241503,21.0,0,5.4539869277497015,15.546013072250298,20.5,21.5
1200.0,15.327198572595814,15.53974070849095,-16.015192246987795,21.0,0,5.46025929150905,15.53974070849095,20.5,21.5
1201.0,15.320930094431898,15.533469640280533,-16.014990864847498,21.0,0,5.466530359719467,15.533469640280533,20.5,21.5
1202.0,15.314662910240042,15.527199867093392,-16.01479081626679,21.0,0,5.472800132906608,15.527199867093392,20.5,21.5
1203.0,15.308397019494741,15.520931388403918,-16.01459210151651,21.0,0,5.479068611596082,15.520931388403918,20.5,21.5
1204.0,15.302132421670539,15.514664203686555,-16.014394720865685,21.0,0,5.485335796313445,15.514664203686555,20.5,21.5
1205.0,15.29586911624203,15.508398312415801,-16.01419867458154,21.0,0,5.491601687584199,15.508398312415801,20.5,21.5
1206.0,15.289607102683867,15.502133714066195,-16.014003962929493,21.0,0,5.497866285933805,15.502133714066195,20.5,21.5
1207.0,15.283346380470745,15.495870408112335,-16.01381058617316,21.0,0,5.504129591887665,15.495870408112335,20.5,21.5
1208.0,15.277086949077416,15.489608394028872,-16.013618544574342,21.0,0,5.510391605971128,15.489608394028872,20.5,21.5
1209.0,15.270828807978686,15.483347671290502,-16.01342783839303,21.0,0,5.5166523287094975,15.483347671290502,20.5,21.5
1210.0,15.264571956649412,15.477088239371977,-16.01323846788742,21.0,0,5.522911760628023,15.477088239371977,20.5,21.5
1211.0,15.258316394564504,15.470830097748106,-16.013050433313893,21.0,0,5.529169902251894,15.470830097748106,20.5,21.5
1212.0,15.252062121198929,15.46457324589374,-16.012863734927013,21.0,0,5.535426754106259,15.46457324589374,20.5,21.5
1213.0,15.245809136027704,15.458317683283799,-16.012678372979547,21.0,0,5.5416823167162015,15.458317683283799,20.5,21.5
1214.0,15.239557438525903,15.452063409393238,-16.012494347722452,21.0,0,5.547936590606762,15.452063409393238,20.5,21.5
1215.0,15.233307028168653,15.445810423697088,-16.012311659404862,21.0,0,5.554189576302912,15.445810423697088,20.5,21.5
1216.0,15.227057904431138,15.439558725670414,-16.01213030827412,21.0,0,5.560441274329586,15.439558725670414,20.5,21.5
1217.0,15.220810066788598,15.433308314788349,-16.011950294575744,21.0,0,5.5666916852116515,15.433308314788349,20.5,21.5
1218.0,15.214563514716325,15.427059190526071,-16.011771618553446,21.0,0,5.572940809473929,15.427059190526071,20.5,21.5
1219.0,15.208318247689672,15.420811352358829,-16.01159428044913,21.0,0,5.579188647641171,15.420811352358829,20.5,21.5
1220.0,15.202074265184043,15.414564799761905,-16.011418280502888,21.0,0,5.585435200238095,15.414564799761905,20.5,21.5
1221.0,15.195831566674906,15.408319532210658,-16.011243618952996,21.0,0,5.591680467789342,15.408319532210658,20.5,21.5
1222.0,15.18959015163778,15.402075549180495,-16.011070296035918,21.0,0,5.597924450819505,15.402075549180495,20.5,21.5
1223.0,15.183350019548246,15.39583285014688,-16.01089831198631,21.0,0,5.6041671498531205,15.39583285014688,20.5,21.5
1224.0,15.17711116988194,15.389591434585332,-16.01072766703701,21.0,0,5.610408565414668,15.389591434585332,20.5,21.5
1225.0,15.170873602114556,15.383351301971436,-16.010558361419058,21.0,0,5.616648698028564,15.383351301971436,20.5,21.5
1226.0,15.16463731572185,15.377112451780826,-16.010390395361654,21.0,0,5.622887548219174,15.377112451780826,20.5,21.5
1227.0,15.158402310179632,15.370874883489197,-16.01022376909221,21.0,0,5.629125116510803,15.370874883489197,20.5,21.5
1228.0,15.152168584963778,15.364638596572302,-16.010058482836314,21.0,0,5.635361403427698,15.364638596572302,20.5,21.5
1229.0,15.14593613955022,15.358403590505958,-16.009894536817733,21.0,0,5.641596409494042,15.358403590505958,20.5,21.5
1230.0,15.139704973414945,15.352169864766035,-16.00973193125843,21.0,0,5.647830135233965,15.352169864766035,20.5,21.5
1231.0,15.13347508603401,15.345937418828466,-16.00957066637855,21.0,0,5.654062581171534,15.345937418828466,20.5,21.5
1232.0,15.127246476883528,15.339706252169247,-16.00941074239642,21.0,0,5.660293747830753,15.339706252169247,20.5,21.5
1233.0,15.121019145439671,15.333476364264424,-16.009252159528558,21.0,0,5.666523635735576,15.333476364264424,20.5,21.5
1234.0,15.114793091178678,15.327247754590115,-16.009094917989657,21.0,0,5.672752245409885,15.327247754590115,20.5,21.5
1235.0,15.108568313576844,15.321020422622496,-16.008939017992603,21.0,0,5.678979577377504,15.321020422622496,20.5,21.5
1236.0,15.10234481211053,15.3147943678378,-16.00878445974846,21.0,0,5.6852056321622,15.3147943678378,20.5,21.5
1237.0,15.09612258625616,15.308569589712326,-16.008631243466475,21.0,0,5.6914304102876745,15.308569589712326,20.5,21.5
1238.0,15.089901635490214,15.302346087722436,-16.008479369354088,21.0,0,5.6976539122775645,15.302346087722436,20.5,21.5
1239.0,15.083681959289246,15.29612386134455,-16.008328837616908,21.0,0,5.703876138655451,15.29612386134455,20.5,21.5
1240.0,15.077463557129864,15.289902910055153,-16.008179648458736,21.0,0,5.710097089944847,15.289902910055153,20.5,21.5
1241.0,15.071246428488745,15.283683233330795,-16.008031802081554,21.0,0,5.716316766669205,15.283683233330795,20.5,21.5
1242.0,15.06503057284263,15.27746483064809,-16.007885298685522,21.0,0,5.722535169351911,15.27746483064809,20.5,21.5
1243.0,15.058815989668325,15.271247701483711,-16.007740138468982,21.0,0,5.728752298516289,15.271247701483711,20.5,21.5
1244.0,15.052602678442698,15.265031845314402,-16.00759632162847,21.0,0,5.734968154685598,15.265031845314402,20.5,21.5
1245.0,15.046390638642684,15.258817261616965,-16.00745384835868,21.0,0,5.741182738383035,15.258817261616965,20.5,21.5
1246.0,15.040179869745284,15.252603949868274,-16.007312718852504,21.0,0,5.7473960501317265,15.252603949868274,20.5,21.5
1247.0,15.033970371227564,15.246391909545261,-16.007172933301018,21.0,0,5.753608090454739,15.246391909545261,20.5,21.5
1248.0,15.027762142566658,15.240181140124928,-16.007034491893464,21.0,0,5.759818859875072,15.240181140124928,20.5,21.5
1249.0,15.021555183239766,15.233971641084342,-16.006897394817273,21.0,0,5.7660283589156585,15.233971641084342,20.5,21.5
1250.0,15.015349492724154,15.227763411900636,-16.006761642258056,21.0,0,5.772236588099364,15.227763411900636,20.5,21.5
1251.0,15.009145070497157,15.22155645205101,-16.006627234399602,21.0,0,5.77844354794899,15.22155645205101,20.5,21.5
1252.0,15.002941916036177,15.215350761012735,-16.00649417142388,21.0,0,5.7846492389872655,15.215350761012735,20.5,21.5
1253.0,14.996740028818685,15.209146338263139,-16.006362453511038,21.0,0,5.790853661736861,15.209146338263139,20.5,21.5
1254.0,14.990539408322219,15.202943183279633,-16.006232080839403,21.0,0,5.797056816720367,15.202943183279633,20.5,21.5
1255.0,14.984340054024386,15.196741295539677,-16.00610305358548,21.0,0,5.8032587044603225,15.196741295539677,20.5,21.5
1256.0,14.978141965402864,15.190540674520818,-16.005975371923952,21.0,0,5.809459325479182,15.190540674520818,20.5,21.5
1257.0,14.971945141935398,15.18434131970066,-16.005849036027683,21.0,0,5.8156586802993395,15.18434131970066,20.5,21.5
1258.0,14.965749583099806,15.178143230556888,-16.005724046067716,21.0,0,5.821856769443112,15.178143230556888,20.5,21.5
1259.0,14.959555288373972,15.171946406567235,-16.005600402213265,21.0,0,5.828053593432765,15.171946406567235,20.5,21.5
1260.0,14.953362257235854,15.165750847209528,-16.005478104631727,21.0,0,5.834249152790472,15.165750847209528,20.5,21.5
1261.0,14.947170489163481,15.159556551961654,-16.005357153488674,21.0,0,5.8404434480383465,15.159556551961654,20.5,21.5
1262.0,14.94097998363495,15.153363520301564,-16.00523754894786,21.0,0,5.846636479698436,15.153363520301564,20.5,21.5
1263.0,14.934790740128433,15.14717175170729,-16.005119291171212,21.0,0,5.85282824829271,15.14717175170729,20.5,21.5
1264.0,14.928602758122173,15.140981245656931,-16.005002380318828,21.0,0,5.859018754343069,15.140981245656931,20.5,21.5
1265.0,14.922416037094484,15.134792001628657,-16.004886816548996,21.0,0,5.865207998371343,15.134792001628657,20.5,21.5
1266.0,14.916230576523756,15.128604019100711,-16.00477260001817,21.0,0,5.871395980899289,15.128604019100711,20.5,21.5
1267.0,14.910046375888447,15.122417297551412,-16.00465973088098,21.0,0,5.8775827024485885,15.122417297551412,20.5,21.5
1268.0,14.903863434667093,15.116231836459141,-16.004548209290235,21.0,0,5.883768163540859,15.116231836459141,20.5,21.5
1269.0,14.8976817523383,15.110047635302369,-16.00443803539692,21.0,0,5.889952364697631,15.110047635302369,20.5,21.5
1270.0,14.891501328380754,15.103864693559624,-16.004329209350196,21.0,0,5.896135306440376,15.103864693559624,20.5,21.5
1271.0,14.885322162273207,15.097683010709511,-16.004221731297395,21.0,0,5.9023169892904885,15.097683010709511,20.5,21.5
1272.0,14.879144253494493,15.091502586230721,-16.00411560138403,21.0,0,5.908497413769279,15.091502586230721,20.5,21.5
1273.0,14.872967601523518,15.085323419602005,-16.00401081975378,21.0,0,5.914676580397995,15.085323419602005,20.5,21.5
1274.0,14.866792205839262,15.079145510302197,-16.003907386548512,21.0,0,5.920854489697803,15.079145510302197,20.5,21.5
1275.0,14.860618065920784,15.072968857810201,-16.003805301908255,21.0,0,5.927031142189799,15.072968857810201,20.5,21.5
1276.0,14.854445181247218,15.066793461605005,-16.003704565971216,21.0,0,5.933206538394995,15.066793461605005,20.5,21.5
1277.0,14.848273551297774,15.06061932116566,-16.003605178873777,21.0,0,5.93938067883434,15.06061932116566,20.5,21.5
1278.0,14.84210317555174,15.054446435971306,-16.003507140750497,21.0,0,5.945553564028694,15.054446435971306,20.5,21.5
1279.0,14.83593405348848,15.048274805501148,-16.003410451734098,21.0,0,5.951725194498852,15.048274805501148,20.5,21.5
1280.0,14.829766184587434,15.04210442923448,-16.003315111955494,21.0,0,5.957895570765521,15.04210442923448,20.5,21.5
1281.0,14.823599568328126,15.03593530665066,-16.003221121543753,21.0,0,5.964064693349339,15.03593530665066,20.5,21.5
1282.0,14.817434204190151,15.029767437229136,-16.003128480626124,21.0,0,5.970232562770864,15.029767437229136,20.5,21.5
1283.0,14.811270091653189,15.023600820449426,-16.003037189328037,21.0,0,5.976399179550574,15.023600820449426,20.5,21.5
1284.0,14.805107230196992,15.01743545579113,-16.00294724777308,21.0,0,5.98256454420887,15.01743545579113,20.5,21.5
1285.0,14.798945619301398,15.011271342733924,-16.00285865608302,21.0,0,5.988728657266076,15.011271342733924,20.5,21.5
1286.0,14.79278525844632,15.005108480757562,-16.002771414377804,21.0,0,5.994891519242438,15.005108480757562,20.5,21.5
1287.0,14.786626147111756,14.998946869341882,-16.002685522775543,21.0,0,6.001053130658118,14.998946869341882,20.5,21.5
1288.0,14.780468284777779,14.992786507966798,-16.002600981392515,21.0,0,6.007213492033202,14.992786507966798,20.5,21.5
1289.0,14.774311670924545,14.986627396112311,-16.002517790343184,21.0,0,6.013372603887689,14.986627396112311,20.5,21.5
1290.0,14.768156305032292,14.980469533258491,-16.002435949740175,21.0,0,6.019530466741509,14.980469533258491,20.5,21.5
1291.0,14.762002186581338,14.974312918885497,-16.002355459694293,21.0,0,6.025687081114503,14.974312918885497,20.5,21.5
1292.0,14.755849315052084,14.968157552473562,-16.0022763203145,21.0,0,6.031842447526438,14.968157552473562,20.5,21.5
1293.0,14.74969768992501,14.962003433503009,-16.00219853170795,21.0,0,6.037996566496991,14.962003433503009,20.5,21.5
1294.0,14.743547310680684,14.955850561454236,-16.002122093979953,21.0,0,6.044149438545764,14.955850561454236,20.5,21.5
1295.0,14.737398176799752,14.949698935807726,-16.00204700723399,21.0,0,6.050301064192274,14.949698935807726,20.5,21.5
1296.0,14.731250287762945,14.94354855604405,-16.001973271571728,21.0,0,6.05645144395595,14.94354855604405,20.5,21.5
1297.0,14.725103643051078,14.93739942164385,-16.001900887092987,21.0,0,6.06260057835615,14.93739942164385,20.5,21.5
1298.0,14.71895824214505,14.931251532087856,-16.001829853895764,21.0,0,6.068748467912144,14.931251532087856,20.5,21.5
1299.0,14.712814084525842,14.92510488685689,-16.001760172076235,21.0,0,6.074895113143111,14.92510488685689,20.5,21.5
1300.0,14.706671169674522,14.918959485431845,8.998308158271268,21.0,0,6.081040514568155,14.918959485431845,20.5,21.5
1301.0,14.705529497072241,14.913815327293701,8.998375137054234,21.0,0,6.086184672706299,14.913815327293701,20.5,21.5
1302.0,14.704388066200238,14.909672211923535,8.99844076418198,21.0,0,6.090327788076465,14.909672211923535,20.5,21.5
1303.0,14.703246876739835,14.90652993884249,8.99850503956566,21.0,0,6.093470061157509,14.90652993884249,20.5,21.5
1304.0,14.702105928372399,14.9043883076118,8.998567963118255,21.0,0,6.0956116923882,14.9043883076118,20.5,21.5
1305.0,14.700965220779349,14.903247117832763,8.998629534754574,21.0,0,6.096752882167237,14.903247117832763,20.5,21.5
1306.0,14.699824753642144,14.902106169146744,8.998689754391258,21.0,0,6.0978938308532555,14.902106169146744,20.5,21.5
1307.0,14.698684526642294,14.900965461235156,8.998748621946776,21.0,0,6.099034538764844,14.900965461235156,20.5,21.5
1308.0,14.697544539461354,14.899824993779461,8.998806137341434,21.0,0,6.100175006220539,14.899824993779461,20.5,21.5
1309.0,14.69640479178093,14.898684766461168,8.998862300497363,21.0,0,6.101315233538832,14.898684766461168,20.5,21.5
1310.0,14.695265283282673,14.897544778961834,8.998917111338525,21.0,0,6.102455221038166,14.897544778961834,20.5,21.5
1311.0,14.694126013648283,14.896405030963058,8.998970569790714,21.0,0,6.103594969036942,14.896405030963058,20.5,21.5
1312.0,14.692986982559512,14.895265522146499,8.999022675781557,21.0,0,6.104734477853501,14.895265522146499,20.5,21.5
1313.0,14.691848189698156,14.89412625219386,8.99907342924051,21.0,0,6.10587374780614,14.89412625219386,20.5,21.5
1314.0,14.690709634746064,14.892987220786887,8.999122830098859,21.0,0,6.107012779213113,14.892987220786887,20.5,21.5
1315.0,14.689571317385134,14.89184842760738,8.999170878289721,21.0,0,6.10815157239262,14.89184842760738,20.5,21.5
1316.0,14.688433237297316,14.890709872337187,8.999217573748048,21.0,0,6.109290127662813,14.890709872337187,20.5,21.5
1317.0,14.687295394164606,14.889571554658207,8.999262916410622,21.0,0,6.1104284453417925,14.889571554658207,20.5,21.5
1318.0,14.686157787669055,14.888433474252386,8.999306906216052,21.0,0,6.111566525747614,14.888433474252386,20.5,21.5
1319.0,14.685020417492764,14.887295630801727,8.999349543104785,21.0,0,6.112704369198273,14.887295630801727,20.5,21.5
1320.0,14.683883283317886,14.886158023988278,8.999390827019095,21.0,0,6.113841976011722,14.886158023988278,20.5,21.5
1321.0,14.682746384826627,14.885020653494141,8.999430757903092,21.0,0,6.114979346505859,14.885020653494141,20.5,21.5
1322.0,14.681609721701243,14.883883519001467,8.999469335702713,21.0,0,6.116116480998533,14.883883519001467,20.5,21.5
1323.0,14.680473293624043,14.882746620192467,8.999506560365731,21.0,0,6.117253379807533,14.882746620192467,20.5,21.5
1324.0,14.679337100277392,14.881609956749392,8.999542431841748,21.0,0,6.118390043250608,14.881609956749392,20.5,21.5
1325.0,14.678201141343704,14.880473528354557,8.9995769500822,21.0,0,6.119526471645443,14.880473528354557,20.5,21.5
1326.0,14.677065416505451,14.87933733469032,8.999610115040355,21.0,0,6.1206626653096805,14.87933733469032,20.5,21.5
1327.0,14.675929925445159,14.878201375439104,8.999641926671309,21.0,0,6.1217986245608955,14.878201375439104,20.5,21.5
1328.0,14.674794667845404,14.87706565028338,8.999672384931998,21.0,0,6.122934349716621,14.87706565028338,20.5,21.5
1329.0,14.673659643388822,14.875930158905664,8.999701489781183,21.0,0,6.124069841094336,14.875930158905664,20.5,21.5
1330.0,14.6725248517581,14.874794900988542,8.999729241179462,21.0,0,6.125205099011458,14.874794900988542,20.5,21.5
1331.0,14.671390292635984,14.87365987621465,8.999755639089262,21.0,0,6.126340123785351,14.87365987621465,20.5,21.5
1332.0,14.670255965705275,14.87252508426667,8.999780683474846,21.0,0,6.12747491573333,14.87252508426667,20.5,21.5
1333.0,14.669121870648828,14.871390524827353,8.999804374302306,21.0,0,6.128609475172647,14.871390524827353,20.5,21.5
1334.0,14.667988007149559,14.870256197579502,8.999826711539567,21.0,0,6.1297438024204975,14.870256197579502,20.5,21.5
1335.0,14.666854374890436,14.869122102205969,8.999847695156392,21.0,0,6.130877897794031,14.869122102205969,20.5,21.5
1336.0,14.665720973554489,14.867988238389671,8.999867325124367,21.0,0,6.132011761610329,14.867988238389671,20.5,21.5
1337.0,14.664587802824803,14.866854605813577,8.999885601416919,21.0,0,6.133145394186423,14.866854605813577,20.5,21.5
1338.0,14.663454862384521,14.865721204160716,8.999902524009304,21.0,0,6.134278795839284,14.865721204160716,20.5,21.5
1339.0,14.662322151916847,14.86458803311417,8.99991809287861,21.0,0,6.13541196688583,14.86458803311417,20.5,21.5
1340.0,14.661189671105038,14.863455092357091,8.999932308003762,21.0,0,6.136544907642909,14.863455092357091,20.5,21.5
1341.0,14.660057419632418,14.862322381572676,8.999945169365512,21.0,0,6.137677618427324,14.862322381572676,20.5,21.5
1342.0,14.658925397182365,14.861189900444188,8.999956676946448,21.0,0,6.138810099555812,14.861189900444188,20.5,21.5
1343.0,14.657793603438318,14.860057648654948,8.999966830730992,21.0,0,6.139942351345052,14.860057648654948,20.5,21.5
1344.0,14.656662038083777,14.858925625888336,8.999975630705395,21.0,0,6.141074374111664,14.858925625888336,20.5,21.5
1345.0,14.6555307008023,14.857793831827788,8.999983076857744,21.0,0,6.142206168172212,14.857793831827788,20.5,21.5
1346.0,14.654399591277512,14.856662266156809,8.999989169177958,21.0,0,6.143337733843191,14.856662266156809,20.5,21.5
1347.0,14.653268709193092,14.855530928558954,8.99999390765779,21.0,0,6.144469071441046,14.855530928558954,20.5,21.5
1348.0,14.652138054232786,14.854399818717848,8.999997292290823,21.0,0,6.145600181282152,14.854399818717848,20.5,21.5
1349.0,14.651007626080398,14.853268936317175,8.999999323072476,21.0,0,6.146731063682825,14.853268936317175,20.5,21.5
1350.0,14.649877424419797,14.852138281040675,9.0,21.0,0,6.147861718959325,14.852138281040675,20.5,21.5
1351.0,14.648747448934913,14.851007852572156,8.999999323072476,21.0,0,6.148992147427844,14.851007852572156,20.5,21.5
1352.0,14.64761769930974,14.849877650595484,8.999997292290823,21.0,0,6.150122349404516,14.849877650595484,20.5,21.5
1353.0,14.646488175228335,14.848747674794595,8.99999390765779,21.0,0,6.151252325205405,14.848747674794595,20.5,21.5
1354.0,14.64535887637482,14.847617924853477,8.999989169177958,21.0,0,6.152382075146523,14.847617924853477,20.5,21.5
1355.0,14.64422980243338,14.846488400456192,8.999983076857744,21.0,0,6.153511599543808,14.846488400456192,20.5,21.5
1356.0,14.643100953088265,14.845359101286864,8.999975630705395,21.0,0,6.1546408987131365,14.845359101286864,20.5,21.5
1357.0,14.641972328023789,14.844230027029672,8.999966830730992,21.0,0,6.155769972970328,14.844230027029672,20.5,21.5
1358.0,14.64084392692433,14.843101177368874,8.999956676946448,21.0,0,6.156898822631126,14.843101177368874,20.5,21.5
1359.0,14.639715749474334,14.841972551988778,8.999945169365512,21.0,0,6.158027448011222,14.841972551988778,20.5,21.5
1360.0,14.638587795358312,14.840844150573764,8.999932308003762,21.0,0,6.159155849426236,14.840844150573764,20.5,21.5
1361.0,14.637460064260841,14.839715972808278,8.99991809287861,21.0,0,6.160284027191722,14.839715972808278,20.5,21.5
1362.0,14.636332555866565,14.838588018376834,8.999902524009304,21.0,0,6.161411981623166,14.838588018376834,20.5,21.5
1363.0,14.635205269860194,14.837460286964006,8.999885601416919,21.0,0,6.162539713035994,14.837460286964006,20.5,21.5
1364.0,14.634078205926505,14.83633277825444,8.999867325124367,21.0,0,6.163667221745561,14.83633277825444,20.5,21.5
1365.0,14.632951363750344,14.835205491932845,8.999847695156392,21.0,0,6.164794508067155,14.835205491932845,20.5,21.5
1366.0,14.631824743016626,14.834078427684002,8.999826711539567,21.0,0,6.165921572315998,14.834078427684002,20.5,21.5
1367.0,14.63069834341033,14.832951585192756,8.999804374302306,21.0,0,6.167048414807244,14.832951585192756,20.5,21.5
1368.0,14.629572164616508,14.831824964144019,8.999780683474846,21.0,0,6.168175035855981,14.831824964144019,20.5,21.5
1369.0,14.62844620632028,14.830698564222775,8.999755639089262,21.0,0,6.169301435777225,14.830698564222775,20.5,21.5
1370.0,14.627320468206834,14.829572385114073,8.999729241179462,21.0,0,6.170427614885927,14.829572385114073,20.5,21.5
1371.0,14.626194949961429,14.828446426503035,8.999701489781183,21.0,0,6.171553573496965,14.828446426503035,20.5,21.5
1372.0,14.625069651269392,14.827320688074845,8.999672384931998,21.0,0,6.172679311925155,14.827320688074845,20.5,21.5
1373.0,14.623944571816125,14.82619516951477,8.999641926671309,21.0,0,6.1738048304852295,14.82619516951477,20.5,21.5
1374.0,14.622819711287097,14.825069870508134,8.999610115040355,21.0,0,6.174930129491866,14.825069870508134,20.5,21.5
1375.0,14.621695069367847,14.823944790740336,8.9995769500822,21.0,0,6.176055209259664,14.823944790740336,20.5,21.5
1376.0,14.62057064574399,14.822819929896847,8.999542431841748,21.0,0,6.177180070103153,14.822819929896847,20.5,21.5
1377.0,14.61944644010121,14.821695287663209,8.999506560365731,21.0,0,6.178304712336791,14.821695287663209,20.5,21.5
1378.0,14.618322452125263,14.820570863725035,8.999469335702713,21.0,0,6.179429136274965,14.820570863725035,20.5,21.5
1379.0,14.617198681501979,14.819446657768012,8.999430757903092,21.0,0,6.180553342231988,14.819446657768012,20.5,21.5
1380.0,14.61607512791726,14.818322669477894,8.999390827019095,21.0,0,6.181677330522106,14.818322669477894,20.5,21.5
1381.0,14.614951791057079,14.817198898540514,8.999349543104785,21.0,0,6.182801101459486,14.817198898540514,20.5,21.5
1382.0,14.61382867060749,14.816075344641769,8.999306906216052,21.0,0,6.183924655358231,14.816075344641769,20.5,21.5
1383.0,14.612705766254612,14.814952007467639,8.999262916410622,21.0,0,6.185047992532361,14.814952007467639,20.5,21.5
1384.0,14.611583077684642,14.813828886704172,8.999217573748048,21.0,0,6.186171113295828,14.813828886704172,20.5,21.5
1385.0,14.610460604583855,14.81270598203749,8.999170878289721,21.0,0,6.187294017962509,14.81270598203749,20.5,21.5
1386.0,14.609338346638596,14.811583293153793,8.999122830098859,21.0,0,6.188416706846207,14.811583293153793,20.5,21.5
1387.0,14.608216303535288,14.810460819739353,8.99907342924051,21.0,0,6.189539180260647,14.810460819739353,20.5,21.5
1388.0,14.607094474960428,14.809338561480516,8.999022675781557,21.0,0,6.190661438519484,14.809338561480516,20.5,21.5
1389.0,14.605972860600593,14.808216518063706,8.998970569790714,21.0,0,6.1917834819362945,14.808216518063706,20.5,21.5
1390.0,14.60485146014243,14.80709468917542,8.998917111338525,21.0,0,6.19290531082458,14.80709468917542,20.5,21.5
1391.0,14.60373027327267,14.805973074502234,8.998862300497363,21.0,0,6.1940269254977665,14.805973074502234,20.5,21.5
1392.0,14.602609299678116,14.804851673730798,8.998806137341434,21.0,0,6.1951483262692015,14.804851673730798,20.5,21.5
1393.0,14.601488539045649,14.803730486547844,8.998748621946776,21.0,0,6.196269513452156,14.803730486547844,20.5,21.5
1394.0,14.600367991062228,14.80260951264017,8.998689754391258,21.0,0,6.197390487359829,14.80260951264017,20.5,21.5
1395.0,14.599247655414894,14.801488751694663,8.998629534754574,21.0,0,6.198511248305337,14.801488751694663,20.5,21.5
1396.0,14.598127531790762,14.800368203398284,8.998567963118255,21.0,0,6.199631796601716,14.800368203398284,20.5,21.5
1397.0,14.597007619877028,14.799247867438066,8.998505039565662,21.0,0,6.200752132561934,14.799247867438066,20.5,21.5
1398.0,14.595887919360965,14.79812774350113,8.99844076418198,21.0,0,6.20187225649887,14.79812774350113,20.5,21.5
1399.0,14.59476842992993,14.79700783127467,8.998375137054234,21.0,0,6.202992168725331,14.79700783127467,20.5,21.5
1400.0,14.593649151271356,14.795888130445963,8.998308158271268,21.0,0,6.204111869554037,14.795888130445963,20.5,21.5
1401.0,14.592530083072756,14.794768640702364,8.998239827923765,21.0,0,6.2052313592976365,14.794768640702364,20.5,21.5
1402.0,14.591411225021726,14.793649361731307,8.998170146104234,21.0,0,6.2063506382686935,14.793649361731307,20.5,21.5
1403.0,14.590292576805943,14.7925302932203,8.998099112907013,21.0,0,6.207469706779699,14.7925302932203,20.5,21.5
1404.0,14.589174138113163,14.791411434856949,8.998026728428272,21.0,0,6.208588565143051,14.791411434856949,20.5,21.5
1405.0,14.588055908631226,14.790292786328923,8.997952992766008,21.0,0,6.209707213671077,14.790292786328923,20.5,21.5
1406.0,14.586937888048054,14.789174347323984,8.997877906020047,21.0,0,6.210825652676016,14.789174347323984,20.5,21.5
1407.0,14.585820076051649,14.78805611752997,8.99780146829205,21.0,0,6.211943882470029,14.78805611752997,20.5,21.5
1408.0,14.584702472330097,14.786938096634803,8.9977236796855,21.0,0,6.2130619033651975,14.786938096634803,20.5,21.5
1409.0,14.583585076571568,14.785820284326482,8.997644540305709,21.0,0,6.214179715673518,14.785820284326482,20.5,21.5
1410.0,14.582467888464315,14.7847026802931,8.997564050259824,21.0,0,6.215297319706901,14.7847026802931,20.5,21.5
1411.0,14.581350907696674,14.783585284222823,8.997482209656816,21.0,0,6.2164147157771765,14.783585284222823,20.5,21.5
1412.0,14.580234133957067,14.782468095803907,8.997399018607485,21.0,0,6.217531904196093,14.782468095803907,20.5,21.5
1413.0,14.579117566933997,14.781351114724686,8.997314477224458,21.0,0,6.218648885275314,14.781351114724686,20.5,21.5
1414.0,14.578001206316054,14.780234340673582,8.997228585622194,21.0,0,6.219765659326418,14.780234340673582,20.5,21.5
1415.0,14.576885051791916,14.7791177733391,8.997141343916978,21.0,0,6.220882226660899,14.7791177733391,20.5,21.5
1416.0,14.575769103050341,14.778001412409832,8.99705275222692,21.0,0,6.221998587590168,14.778001412409832,20.5,21.5
1417.0,14.574653359780177,14.776885257574454,8.996962810671963,21.0,0,6.223114742425546,14.776885257574454,20.5,21.5
1418.0,14.573537821670355,14.775769308521728,8.996871519373874,21.0,0,6.224230691478272,14.775769308521728,20.5,21.5
1419.0,14.572422488409895,14.774653564940497,8.996778878456247,21.0,0,6.225346435059503,14.774653564940497,20.5,21.5
1420.0,14.571307359687905,14.773538026519697,8.996684888044506,21.0,0,6.226461973480303,14.773538026519697,20.5,21.5
1421.0,14.570192435193576,14.772422692948345,8.9965895482659,21.0,0,6.227577307051655,14.772422692948345,20.5,21.5
1422.0,14.56907771461619,14.771307563915547,8.996492859249503,21.0,0,6.228692436084453,14.771307563915547,20.5,21.5
1423.0,14.567963197645117,14.7701926391105,8.996394821126223,21.0,0,6.229807360889501,14.7701926391105,20.5,21.5
1424.0,14.566848883969813,14.769077918222484,8.996295434028784,21.0,0,6.230922081777516,14.769077918222484,20.5,21.5
1425.0,14.565734773279825,14.767963400940868,8.996194698091745,21.0,0,6.232036599059132,14.767963400940868,20.5,21.5
1426.0,14.564620865264787,14.76684908695511,8.996092613451488,21.0,0,6.23315091304489,14.76684908695511,20.5,21.5
1427.0,14.563507159614424,14.765734975954757,8.995989180246218,21.0,0,6.234265024045243,14.765734975954757,20.5,21.5
1428.0,14.56239365601855,14.764621067629443,8.99588439861597,21.0,0,6.235378932370557,14.764621067629443,20.5,21.5
1429.0,14.561280354167069,14.763507361668895,8.995778268702605,21.0,0,6.2364926383311055,14.763507361668895,20.5,21.5
1430.0,14.560167253749976,14.762393857762925,8.995670790649804,21.0,0,6.237606142237075,14.762393857762925,20.5,21.5
1431.0,14.559054354457356,14.76128055560144,8.99556196460308,21.0,0,6.23871944439856,14.76128055560144,20.5,21.5
1432.0,14.557941655979384,14.76016745487443,8.995451790709765,21.0,0,6.239832545125569,14.76016745487443,20.5,21.5
1433.0,14.55682915800633,14.759054555271987,8.995340269119021,21.0,0,6.240945444728013,14.759054555271987,20.5,21.5
1434.0,14.555716860228554,14.757941856484285,8.99522739998183,21.0,0,6.242058143515715,14.757941856484285,20.5,21.5
1435.0,14.554604762336504,14.75682935820159,8.995113183451004,21.0,0,6.243170641798409,14.75682935820159,20.5,21.5
1436.0,14.553492864020727,14.755717060114268,8.99499761968117,21.0,0,6.244282939885732,14.755717060114268,20.5,21.5
1437.0,14.552381164971859,14.754604961912765,8.994880708828788,21.0,0,6.245395038087235,14.754604961912765,20.5,21.5
1438.0,14.55126966488063,14.753493063287625,8.994762451052138,21.0,0,6.246506936712375,14.753493063287625,20.5,21.5
1439.0,14.550158363437864,14.752381363929487,8.994642846511324,21.0,0,6.247618636070513,14.752381363929487,20.5,21.5
1440.0,14.54904726033448,14.751269863529084,8.994521895368273,21.0,0,6.2487301364709165,14.751269863529084,20.5,21.5
1441.0,14.547936355261486,14.750158561777235,8.994399597786735,21.0,0,6.249841438222765,14.750158561777235,20.5,21.5
1442.0,14.54682564790999,14.749047458364862,8.994275953932284,21.0,0,6.250952541635138,14.749047458364862,20.5,21.5
1443.0,14.545715137971195,14.747936552982974,8.994150963972315,21.0,0,6.252063447017026,14.747936552982974,20.5,21.5
1444.0,14.544604825136394,14.74682584532268,8.994024628076048,21.0,0,6.253174154677319,14.74682584532268,20.5,21.5
1445.0,14.543494709096983,14.74571533507518,8.99389694641452,21.0,0,6.254284664924819,14.74571533507518,20.5,21.5
1446.0,14.542384789544446,14.744605021931772,8.993767919160597,21.0,0,6.255394978068228,14.744605021931772,20.5,21.5
1447.0,14.54127506617037,14.74349490558385,8.99363754648896,21.0,0,6.25650509441615,14.74349490558385,20.5,21.5
1448.0,14.540165538666432,14.742384985722898,8.993505828576119,21.0,0,6.257615014277102,14.742384985722898,20.5,21.5
1449.0,14.539056206724414,14.741275262040503,8.993372765600396,21.0,0,6.258724737959497,14.741275262040503,20.5,21.5
1450.0,14.53794707003619,14.740165734228345,8.993238357741943,21.0,0,6.259834265771655,14.740165734228345,20.5,21.5
1451.0,14.53683812829373,14.7390564019782,8.993102605182727,21.0,0,6.2609435980218,14.7390564019782,20.5,21.5
1452.0,14.535729381189109,14.737947264981946,8.992965508106536,21.0,0,6.262052735018054,14.737947264981946,20.5,21.5
1453.0,14.534620828414493,14.736838322931558,8.992827066698982,21.0,0,6.263161677068442,14.736838322931558,20.5,21.5
1454.0,14.53351246966215,14.735729575519105,8.992687281147495,21.0,0,6.264270424480895,14.735729575519105,20.5,21.5
1455.0,14.532404304624446,14.734621022436759,8.992546151641323,21.0,0,6.265378977563241,14.734621022436759,20.5,21.5
1456.0,14.531296332993849,14.733512663376782,8.992403678371533,21.0,0,6.266487336623218,14.733512663376782,20.5,21.5
1457.0,14.530188554462924,14.732404498031547,8.992259861531016,21.0,0,6.267595501968453,14.732404498031547,20.5,21.5
1458.0,14.529080968724339,14.731296526093516,8.992114701314478,21.0,0,6.268703473906484,14.731296526093516,20.5,21.5
1459.0,14.527973575470856,14.730188747255259,8.991968197918444,21.0,0,6.269811252744741,14.730188747255259,20.5,21.5
1460.0,14.526866374395345,14.72908116120944,8.991820351541262,21.0,0,6.270918838790561,14.72908116120944,20.5,21.5
1461.0,14.525759365190774,14.727973767648823,8.99167116238309,21.0,0,6.272026232351177,14.727973767648823,20.5,21.5
1462.0,14.524652547550213,14.726866566266278,8.991520630645912,21.0,0,6.273133433733722,14.726866566266278,20.5,21.5
1463.0,14.523545921166832,14.725759556754777,8.991368756533523,21.0,0,6.274240443245223,14.725759556754777,20.5,21.5
1464.0,14.522439485733905,14.724652738807388,8.991215540251542,21.0,0,6.275347261192612,14.724652738807388,20.5,21.5
1465.0,14.52133324094481,14.723546112117281,8.991060982007399,21.0,0,6.2764538878827185,14.723546112117281,20.5,21.5
1466.0,14.520227186493022,14.722439676377732,8.990905082010343,21.0,0,6.277560323622268,14.722439676377732,20.5,21.5
1467.0,14.519121322072126,14.721333431282115,8.990747840471444,21.0,0,6.278666568717885,14.721333431282115,20.5,21.5
1468.0,14.518015647375805,14.720227376523912,8.99058925760358,21.0,0,6.279772623476088,14.720227376523912,20.5,21.5
1469.0,14.516910162097851,14.7191215117967,8.990429333621451,21.0,0,6.2808784882032995,14.7191215117967,20.5,21.5
1470.0,14.515804865932155,14.718015836794171,8.990268068741571,21.0,0,6.281984163205829,14.718015836794171,20.5,21.5
1471.0,14.514699758572718,14.716910351210112,8.990105463182267,21.0,0,6.283089648789888,14.716910351210112,20.5,21.5
1472.0,14.51359483971364,14.715805054738414,8.989941517163688,21.0,0,6.284194945261586,14.715805054738414,20.5,21.5
1473.0,14.51249010904913,14.714699947073077,8.98977623090779,21.0,0,6.285300052926923,14.714699947073077,20.5,21.5
1474.0,14.511385566273502,14.713595027908209,8.989609604638346,21.0,0,6.286404972091791,14.713595027908209,20.5,21.5
1475.0,14.510281211081175,14.712490296938014,8.989441638580944,21.0,0,6.2875097030619855,14.712490296938014,20.5,21.5
1476.0,14.509177043166675,14.711385753856806,8.989272332962988,21.0,0,6.288614246143194,14.711385753856806,20.5,21.5
1477.0,14.508073062224634,14.710281398359005,8.989101688013692,21.0,0,6.289718601640995,14.710281398359005,20.5,21.5
1478.0,14.506969267949792,14.709177230139137,8.988929703964084,21.0,0,6.290822769860863,14.709177230139137,20.5,21.5
1479.0,14.505865660036994,14.708073248891832,8.988756381047006,21.0,0,6.291926751108168,14.708073248891832,20.5,21.5
1480.0,14.504762238181195,14.706969454311837,8.988581719497112,21.0,0,6.293030545688163,14.706969454311837,20.5,21.5
1481.0,14.503659002077459,14.705865846093994,8.988405719550867,21.0,0,6.294134153906006,14.705865846093994,20.5,21.5
1482.0,14.502555951420954,14.704762423933257,8.988228381446552,21.0,0,6.295237576066743,14.704762423933257,20.5,21.5
1483.0,14.50145308590696,14.703659187524693,8.988049705424256,21.0,0,6.296340812475307,14.703659187524693,20.5,21.5
1484.0,14.500350405230863,14.702556136563468,8.98786969172588,21.0,0,6.297443863436532,14.702556136563468,20.5,21.5
1485.0,14.499247909088162,14.70145327074486,8.987688340595138,21.0,0,6.29854672925514,14.70145327074486,20.5,21.5
1486.0,14.498145597174464,14.70035058976426,8.98750565227755,21.0,0,6.299649410235739,14.70035058976426,20.5,21.5
1487.0,14.497043469185485,14.69924809331717,8.987321627020453,21.0,0,6.30075190668283,14.69924809331717,20.5,21.5
1488.0,14.495941524817052,14.698145781099186,8.987136265072987,21.0,0,6.301854218900814,14.698145781099186,20.5,21.5
1489.0,14.494839763765103,14.697043652806034,8.986949566686109,21.0,0,6.302956347193966,14.697043652806034,20.5,21.5
1490.0,14.493738185725688,14.69594170813354,8.98676153211258,21.0,0,6.304058291866459,14.69594170813354,20.5,21.5
1491.0,14.492636790394965,14.694839946777643,8.98657216160697,21.0,0,6.305160053222357,14.694839946777643,20.5,21.5
1492.0,14.491535577469207,14.693738368434387,8.98638145542566,21.0,0,6.306261631565613,14.693738368434387,20.5,21.5
1493.0,14.4904345466448,14.692636972799937,8.986189413826839,21.0,0,6.307363027200063,14.692636972799937,20.5,21.5
1494.0,14.489333697618235,14.691535759570565,8.985996037070505,21.0,0,6.308464240429435,14.691535759570565,20.5,21.5
1495.0,14.488233030086127,14.69043472844265,8.98580132541846,21.0,0,6.30956527155735,14.69043472844265,20.5,21.5
1496.0,14.487132543745194,14.689333879112695,8.985605279134315,21.0,0,6.310666120887305,14.689333879112695,20.5,21.5
1497.0,14.486032238292271,14.688233211277307,8.98540789848349,21.0,0,6.311766788722693,14.688233211277307,20.5,21.5
1498.0,14.484932113424309,14.68713272463321,8.98520918373321,21.0,0,6.31286727536679,14.68713272463321,20.5,21.5
1499.0,14.48383216883837,14.686032418877236,8.985009135152502,21.0,0,6.313967581122764,14.686032418877236,20.5,21.5
1500.0,14.482732404231633,14.684932293706336,8.984807753012207,21.0,0,6.315067706293664,14.684932293706336,20.5,21.5
1501.0,14.481632819301389,14.683832348817575,8.984605037584968,21.0,0,6.316167651182425,14.683832348817575,20.5,21.5
1502.0,14.480533413745045,14.682732583908129,8.984400989145229,21.0,0,6.317267416091871,14.682732583908129,20.5,21.5
1503.0,14.479434187260125,14.681632998675292,8.984195607969243,21.0,0,6.318367001324708,14.681632998675292,20.5,21.5
1504.0,14.478335139544267,14.68053359281647,8.983988894335065,21.0,0,6.31946640718353,14.68053359281647,20.5,21.5
1505.0,14.477236270295226,14.67943436602919,8.983780848522558,21.0,0,6.32056563397081,14.67943436602919,20.5,21.5
1506.0,14.47613757921087,14.678335318011088,8.983571470813386,21.0,0,6.321664681988912,14.678335318011088,20.5,21.5
1507.0,14.475039065989192,14.677236448459919,8.983360761491014,21.0,0,6.322763551540081,14.677236448459919,20.5,21.5
1508.0,14.473940730328293,14.676137757073553,8.983148720840713,21.0,0,6.323862242926447,14.676137757073553,20.5,21.5
1509.0,14.472842571926396,14.67503924354998,8.982935349149555,21.0,0,6.32496075645002,14.67503924354998,20.5,21.5
1510.0,14.47174459048184,14.673940907587303,8.982720646706413,21.0,0,6.326059092412697,14.673940907587303,20.5,21.5
1511.0,14.470646785693086,14.672842748883744,8.982504613801966,21.0,0,6.327157251116256,14.672842748883744,20.5,21.5
1512.0,14.469549157258708,14.671744767137644,8.982287250728689,21.0,0,6.328255232862356,14.671744767137644,20.5,21.5
1513.0,14.468451704877403,14.670646962047465,8.98206855778086,21.0,0,6.329353037952535,14.670646962047465,20.5,21.5
1514.0,14.467354428247983,14.669549333311783,8.98184853525456,21.0,0,6.3304506666882165,14.669549333311783,20.5,21.5
1515.0,14.466257327069384,14.668451880629295,8.981627183447664,21.0,0,6.331548119370705,14.668451880629295,20.5,21.5
1516.0,14.46516040104066,14.667354603698808,8.981404502659853,21.0,0,6.332645396301192,14.667354603698808,20.5,21.5
1517.0,14.464063649860984,14.666257502219263,8.981180493192603,21.0,0,6.333742497780737,14.666257502219263,20.5,21.5
1518.0,14.46296707322965,14.665160575889715,8.980955155349191,21.0,0,6.334839424110285,14.665160575889715,20.5,21.5
1519.0,14.461870670846075,14.664063824409334,8.980728489434693,21.0,0,6.335936175590666,14.664063824409334,20.5,21.5
1520.0,14.460774442409793,14.662967247477415,8.98050049575598,21.0,0,6.337032752522585,14.662967247477415,20.5,21.5
1521.0,14.459678387620462,14.661870844793373,8.980271174621722,21.0,0,6.338129155206627,14.661870844793373,20.5,21.5
1522.0,14.458582506177862,14.66077461605675,8.980040526342387,21.0,0,6.3392253839432495,14.66077461605675,20.5,21.5
1523.0,14.457486797781895,14.6596785609672,8.979808551230242,21.0,0,6.340321439032801,14.6596785609672,20.5,21.5
1524.0,14.456391262132584,14.658582679224503,8.979575249599344,21.0,0,6.341417320775497,14.658582679224503,20.5,21.5
1525.0,14.455295898930077,14.657486970528561,8.979340621765552,21.0,0,6.342513029471439,14.657486970528561,20.5,21.5
1526.0,14.454200707874644,14.6563914345794,8.979104668046515,21.0,0,6.343608565420601,14.6563914345794,20.5,21.5
1527.0,14.453105688666678,14.65529607107716,8.978867388761685,21.0,0,6.34470392892284,14.65529607107716,20.5,21.5
1528.0,14.452010841006697,14.65420087972212,8.9786287842323,21.0,0,6.34579912027788,14.65420087972212,20.5,21.5
1529.0,14.450916164595341,14.653105860214671,8.978388854781397,21.0,0,6.346894139785329,14.653105860214671,20.5,21.5
1530.0,14.449821659133379,14.652011012255333,8.978147600733806,21.0,0,6.347988987744667,14.652011012255333,20.5,21.5
1531.0,14.448727324321698,14.650916335544741,8.977905022416149,21.0,0,6.349083664455259,14.650916335544741,20.5,21.5
1532.0,14.447633159861317,14.649821829783667,8.977661120156842,21.0,0,6.350178170216333,14.649821829783667,20.5,21.5
1533.0,14.446539165453375,14.648727494673002,8.977415894286096,21.0,0,6.351272505326998,14.648727494673002,20.5,21.5
1534.0,14.445445340799141,14.647633329913763,8.977169345135907,21.0,0,6.352366670086237,14.647633329913763,20.5,21.5
1535.0,14.444351685600008,14.646539335207086,8.976921473040072,21.0,0,6.353460664792914,14.646539335207086,20.5,21.5
1536.0,14.443258199557496,14.645445510254245,8.976672278334167,21.0,0,6.354554489745755,14.645445510254245,20.5,21.5
1537.0,14.442164882373252,14.644351854756632,8.976421761355573,21.0,0,6.355648145243368,14.644351854756632,20.5,21.5
1538.0,14.441071733749048,14.643258368415767,8.976169922443448,21.0,0,6.356741631584233,14.643258368415767,20.5,21.5
1539.0,14.439978753386788,14.642165050933295,8.975916761938748,21.0,0,6.357834949066705,14.642165050933295,20.5,21.5
1540.0,14.438885940988499,14.641071902010992,8.975662280184213,21.0,0,6.358928097989008,14.641071902010992,20.5,21.5
1541.0,14.437793296256338,14.63997892135076,8.97540647752438,21.0,0,6.36002107864924,14.63997892135076,20.5,21.5
1542.0,14.436700818892591,14.638886108654628,8.975149354305563,21.0,0,6.361113891345372,14.638886108654628,20.5,21.5
1543.0,14.435608508599675,14.637793463624755,8.974890910875873,21.0,0,6.362206536375245,14.637793463624755,20.5,21.5
1544.0,14.43451636508013,14.636700985963424,8.974631147585203,21.0,0,6.363299014036576,14.636700985963424,20.5,21.5
1545.0,14.43342438803663,14.63560867537305,8.974370064785235,21.0,0,6.364391324626951,14.63560867537305,20.5,21.5
1546.0,14.43233257717198,14.634516531556178,8.97410766282944,21.0,0,6.365483468443822,14.634516531556178,20.5,21.5
1547.0,14.431240932189112,14.633424554215484,8.973843942073067,21.0,0,6.366575445784516,14.633424554215484,20.5,21.5
1548.0,14.43014945279109,14.632332743053766,8.973578902873161,21.0,0,6.367667256946234,14.632332743053766,20.5,21.5
1549.0,14.429058138681107,14.63124109777396,8.973312545588543,21.0,0,6.368758902226039,14.63124109777396,20.5,21.5
1550.0,14.427966989562488,14.63014961807913,8.973044870579823,21.0,0,6.36985038192087,14.63014961807913,20.5,21.5
1551.0,14.426876005138691,14.629058303672474,8.972775878209397,21.0,0,6.370941696327526,14.629058303672474,20.5,21.5
1552.0,14.425785185113305,14.62796715425731,8.972505568841438,21.0,0,6.372032845742689,14.62796715425731,20.5,21.5
1553.0,14.42469452919005,14.626876169537104,8.972233942841907,21.0,0,6.373123830462896,14.626876169537104,20.5,21.5
1554.0,14.423604037072781,14.62578534921544,8.971961000578546,21.0,0,6.374214650784561,14.62578534921544,20.5,21.5
1555.0,14.422513708465482,14.624694692996036,8.97168674242088,21.0,0,6.3753053070039645,14.624694692996036,20.5,21.5
1556.0,14.421423543072274,14.623604200582752,8.971411168740214,21.0,0,6.3763957994172475,14.623604200582752,20.5,21.5
1557.0,14.420333540597408,14.622513871679576,8.971134279909636,21.0,0,6.377486128320424,14.622513871679576,20.5,21.5
1558.0,14.41924370074527,14.621423705990619,8.970856076304011,21.0,0,6.378576294009381,14.621423705990619,20.5,21.5
1559.0,14.418154023220382,14.62033370322014,8.97057655829999,21.0,0,6.37966629677986,14.62033370322014,20.5,21.5
1560.0,14.417064507727398,14.619243863072523,8.970295726275996,21.0,0,6.380756136927477,14.619243863072523,20.5,21.5
1561.0,14.415975153971107,14.61815418525229,8.970013580612237,21.0,0,6.3818458147477095,14.61815418525229,20.5,21.5
1562.0,14.414885961656436,14.6170646694641,8.969730121690697,21.0,0,6.382935330535901,14.6170646694641,20.5,21.5
1563.0,14.413796930488443,14.615975315412735,8.969445349895139,21.0,0,6.384024684587265,14.615975315412735,20.5,21.5
1564.0,14.412708060172324,14.614886122803123,8.9691592656111,21.0,0,6.385113877196877,14.614886122803123,20.5,21.5
1565.0,14.411619350413412,14.613797091340325,8.9688718692259,21.0,0,6.3862029086596745,14.613797091340325,20.5,21.5
1566.0,14.410530800917174,14.61270822072954,8.968583161128631,21.0,0,6.387291779270461,14.61270822072954,20.5,21.5
1567.0,14.409442411389216,14.611619510676093,8.968293141710161,21.0,0,6.388380489323907,14.611619510676093,20.5,21.5
1568.0,14.40835418153528,14.610530960885459,8.968001811363134,21.0,0,6.389469039114541,14.610530960885459,20.5,21.5
1569.0,14.407266111061245,14.609442571063244,8.967709170481971,21.0,0,6.390557428936756,14.609442571063244,20.5,21.5
1570.0,14.40617819967313,14.608354340915188,8.967415219462865,21.0,0,6.391645659084812,14.608354340915188,20.5,21.5
1571.0,14.405090447077088,14.60726627014717,8.96711995870378,21.0,0,6.39273372985283,14.60726627014717,20.5,21.5
1572.0,14.404002852979414,14.606178358465211,8.96682338860446,21.0,0,6.393821641534789,14.606178358465211,20.5,21.5
1573.0,14.402915417086538,14.605090605575464,8.966525509566415,21.0,0,6.394909394424536,14.605090605575464,20.5,21.5
1574.0,14.401828139105033,14.604003011184222,8.966226321992933,21.0,0,6.395996988815778,14.604003011184222,20.5,21.5
1575.0,14.400741018741611,14.602915574997919,8.965925826289068,21.0,0,6.397084425002081,14.602915574997919,20.5,21.5
1576.0,14.39965405570312,14.601828296723124,8.96562402286165,21.0,0,6.398171703276876,14.601828296723124,20.5,21.5
1577.0,14.398567249696551,14.600741176066549,8.965320912119275,21.0,0,6.399258823933451,14.600741176066549,20.5,21.5
1578.0,14.397480600429036,14.59965421273505,8.965016494472312,21.0,0,6.40034578726495,14.59965421273505,20.5,21.5
1579.0,14.396394107607845,14.598567406435611,8.964710770332898,21.0,0,6.4014325935643885,14.598567406435611,20.5,21.5
1580.0,14.39530777094039,14.597480756875367,8.964403740114939,21.0,0,6.402519243124633,14.597480756875367,20.5,21.5
1581.0,14.394221590134224,14.59639426376159,8.96409540423411,21.0,0,6.40360573623841,14.59639426376159,20.5,21.5
1582.0,14.393135564897044,14.59530792680169,8.963785763107854,21.0,0,6.40469207319831,14.59530792680169,20.5,21.5
1583.0,14.392049694936686,14.59422174570322,8.963474817155378,21.0,0,6.405778254296781,14.59422174570322,20.5,21.5
1584.0,14.39096397996113,14.593135720173876,8.963162566797658,21.0,0,6.406864279826124,14.593135720173876,20.5,21.5
1585.0,14.389878419678498,14.592049849921498,8.962849012457438,21.0,0,6.407950150078502,14.592049849921498,20.5,21.5
1586.0,14.388793013797054,14.590964134654063,8.962534154559222,21.0,0,6.4090358653459365,14.590964134654063,20.5,21.5
1587.0,14.387707762025206,14.589878574079696,8.962217993529286,21.0,0,6.410121425920304,14.589878574079696,20.5,21.5
1588.0,14.386622664071506,14.588793167906658,8.961900529795662,21.0,0,6.411206832093342,14.588793167906658,20.5,21.5
1589.0,14.38553771964465,14.587707915843362,8.961581763788152,21.0,0,6.412292084156638,14.587707915843362,20.5,21.5
1590.0,14.384452928453479,14.586622817598357,8.961261695938319,21.0,0,6.413377182401643,14.586622817598357,20.5,21.5
1591.0,14.383368290206976,14.58553787288034,8.960940326679488,21.0,0,6.414462127119659,14.58553787288034,20.5,21.5
1592.0,14.38228380461427,14.584453081398152,8.960617656446747,21.0,0,6.415546918601848,14.584453081398152,20.5,21.5
1593.0,14.381199471384637,14.58336844286078,8.960293685676943,21.0,0,6.416631557139221,14.58336844286078,20.5,21.5
1594.0,14.380115290227495,14.58228395697735,8.959968414808687,21.0,0,6.417716043022651,14.58228395697735,20.5,21.5
1595.0,14.379031260852411,14.581199623457135,8.959641844282348,21.0,0,6.418800376542865,14.581199623457135,20.5,21.5
1596.0,14.377947382969097,14.58011544200956,8.959313974540057,21.0,0,6.419884557990439,14.58011544200956,20.5,21.5
1597.0,14.376863656287412,14.57903141234419,8.9589848060257,21.0,0,6.4209685876558105,14.57903141234419,20.5,21.5
1598.0,14.37578008051736,14.577947534170736,8.958654339184925,21.0,0,6.422052465829264,14.577947534170736,20.5,21.5
1599.0,14.374696655369094,14.576863807199056,8.958322574465134,21.0,0,6.4231361928009445,14.576863807199056,20.5,21.5
1600.0,14.373613380552914,14.575780231139158,8.95798951231549,21.0,0,6.4242197688608424,14.575780231139158,20.5,21.5
1601.0,14.372530255779267,14.57469680570119,8.95765515318691,21.0,0,6.4253031942988095,14.57469680570119,20.5,21.5
1602.0,14.37144728075875,14.573613530595457,8.957319497532067,21.0,0,6.426386469404543,14.573613530595457,20.5,21.5
1603.0,14.370364455202104,14.572530405532408,8.956982545805392,21.0,0,6.427469594467592,14.572530405532408,20.5,21.5
1604.0,14.369281778820225,14.571447430222634,8.95664429846307,21.0,0,6.428552569777366,14.571447430222634,20.5,21.5
1605.0,14.368199251324153,14.570364604376882,8.956304755963036,21.0,0,6.429635395623118,14.570364604376882,20.5,21.5
1606.0,14.36711687242508,14.569281927706044,8.955963918764981,21.0,0,6.430718072293956,14.569281927706044,20.5,21.5
1607.0,14.366034641834348,14.568199399921165,8.955621787330353,21.0,0,6.4318006000788355,14.568199399921165,20.5,21.5
1608.0,14.364952559263447,14.567117020733434,8.955278362122344,21.0,0,6.432882979266566,14.567117020733434,20.5,21.5
1609.0,14.363870624424019,14.566034789854191,8.954933643605903,21.0,0,6.433965210145809,14.566034789854191,20.5,21.5
1610.0,14.362788837027855,14.564952706994934,8.954587632247732,21.0,0,6.435047293005066,14.564952706994934,20.5,21.5
1611.0,14.361707196786899,14.563870771867297,8.954240328516278,21.0,0,6.436129228132703,14.563870771867297,20.5,21.5
1612.0,14.360625703413245,14.562788984183076,8.953891732881738,21.0,0,6.437211015816924,14.562788984183076,20.5,21.5
1613.0,14.35954435661914,14.561707343654215,8.953541845816062,21.0,0,6.438292656345785,14.561707343654215,20.5,21.5
1614.0,14.35846315611698,14.560625849992809,8.953190667792947,21.0,0,6.4393741500071915,14.560625849992809,20.5,21.5
1615.0,14.357382101619315,14.5595445029111,8.952838199287836,21.0,0,6.4404554970889,14.5595445029111,20.5,21.5
1616.0,14.356301192838849,14.55846330212149,8.952484440777921,21.0,0,6.44153669787851,14.55846330212149,20.5,21.5
1617.0,14.355220429488437,14.557382247336529,8.952129392742139,21.0,0,6.442617752663471,14.557382247336529,20.5,21.5
1618.0,14.354139811281089,14.556301338268918,8.951773055661175,21.0,0,6.443698661731082,14.556301338268918,20.5,21.5
1619.0,14.353059337929965,14.555220574631516,8.951415430017454,21.0,0,6.444779425368484,14.555220574631516,20.5,21.5
1620.0,14.351979009148382,14.55413995613733,8.951056516295154,21.0,0,6.44586004386267,14.55413995613733,20.5,21.5
1621.0,14.35089882464981,14.553059482499524,8.950696314980188,21.0,0,6.446940517500476,14.553059482499524,20.5,21.5
1622.0,14.349818784147876,14.55197915343141,8.950334826560221,21.0,0,6.448020846568591,14.55197915343141,20.5,21.5
1623.0,14.348738887356358,14.550898968646464,8.949972051524652,21.0,0,6.4491010313535355,14.550898968646464,20.5,21.5
1624.0,14.347659133989191,14.549818927858308,8.949607990364628,21.0,0,6.450181072141692,14.549818927858308,20.5,21.5
1625.0,14.346579523760466,14.548739030780727,8.949242643573033,21.0,0,6.451260969219273,14.548739030780727,20.5,21.5
1626.0,14.345500056384429,14.54765927712765,8.948876011644497,21.0,0,6.45234072287235,14.54765927712765,20.5,21.5
1627.0,14.34442073157548,14.546579666613173,8.948508095075383,21.0,0,6.453420333386827,14.546579666613173,20.5,21.5
1628.0,14.34334154904818,14.545500198951538,8.948138894363797,21.0,0,6.4544998010484615,14.545500198951538,20.5,21.5
1629.0,14.342262508517242,14.544420873857149,8.947768410009585,21.0,0,6.455579126142851,14.544420873857149,20.5,21.5
1630.0,14.341183609697541,14.543341691044564,8.94739664251433,21.0,0,6.456658308955436,14.543341691044564,20.5,21.5
1631.0,14.340104852304105,14.5422626502285,8.947023592381347,21.0,0,6.4577373497715005,14.5422626502285,20.5,21.5
1632.0,14.33902623605212,14.541183751123828,8.946649260115697,21.0,0,6.458816248876172,14.541183751123828,20.5,21.5
1633.0,14.337947760656933,14.540104993445578,8.946273646224167,21.0,0,6.459895006554422,14.540104993445578,20.5,21.5
1634.0,14.336869425834045,14.53902637690894,8.945896751215287,21.0,0,6.460973623091061,14.53902637690894,20.5,21.5
1635.0,14.335791231299122,14.537947901229254,8.945518575599317,21.0,0,6.462052098770746,14.537947901229254,20.5,21.5
1636.0,14.334713176767982,14.536869566122027,8.945139119888251,21.0,0,6.463130433877973,14.536869566122027,20.5,21.5
1637.0,14.333635261956607,14.535791371302924,8.94475838459582,21.0,0,6.464208628697076,14.535791371302924,20.5,21.5
1638.0,14.332557486581134,14.534713316487764,8.944376370237482,21.0,0,6.465286683512236,14.534713316487764,20.5,21.5
1639.0,14.331479850357866,14.53363540139253,8.943993077330427,21.0,0,6.46636459860747,14.53363540139253,20.5,21.5
1640.0,14.33040235300326,14.532557625733357,8.943608506393584,21.0,0,6.467442374266643,14.532557625733357,20.5,21.5
1641.0,14.329324994233938,14.531479989226549,8.9432226579476,21.0,0,6.468520010773451,14.531479989226549,20.5,21.5
1642.0,14.32824777376668,14.530402491588564,8.942835532514863,21.0,0,6.469597508411436,14.530402491588564,20.5,21.5
1643.0,14.32717069131843,14.529325132536025,8.942447130619481,21.0,0,6.470674867463975,14.529325132536025,20.5,21.5
1644.0,14.326093746606292,14.528247911785709,8.942057452787296,21.0,0,6.471752088214291,14.528247911785709,20.5,21.5
1645.0,14.325016939347528,14.527170829054564,8.941666499545875,21.0,0,6.472829170945436,14.527170829054564,20.5,21.5
1646.0,14.323940269259568,14.52609388405969,8.941274271424511,21.0,0,6.473906115940309,14.52609388405969,20.5,21.5
1647.0,14.32286373606,14.525017076518356,8.940880768954225,21.0,0,6.474982923481644,14.525017076518356,20.5,21.5
1648.0,14.32178733946658,14.523940406147986,8.940485992667762,21.0,0,6.476059593852014,14.523940406147986,20.5,21.5
1649.0,14.32071107919722,14.522863872666173,8.940089943099592,21.0,0,6.477136127333827,14.522863872666173,20.5,21.5
1650.0,14.31963495497,14.521787475790669,8.939692620785909,21.0,0,6.478212524209331,14.521787475790669,20.5,21.5
1651.0,14.318558966503163,14.520711215239388,8.939294026264628,21.0,0,6.479288784760612,14.520711215239388,20.5,21.5
1652.0,14.317483113515115,14.519635090730409,8.93889416007539,21.0,0,6.480364909269591,14.519635090730409,20.5,21.5
1653.0,14.316407395724427,14.518559101981978,8.938493022759555,21.0,0,6.481440898018022,14.518559101981978,20.5,21.5
1654.0,14.315331812849834,14.5174832487125,8.938090614860206,21.0,0,6.4825167512875,14.5174832487125,20.5,21.5
1655.0,14.314256364610236,14.516407530640546,8.937686936922145,21.0,0,6.483592469359454,14.516407530640546,20.5,21.5
1656.0,14.313181050724697,14.515331947484853,8.937281989491892,21.0,0,6.484668052515147,14.515331947484853,20.5,21.5
1657.0,14.31210587091245,14.51425649896432,8.936875773117688,21.0,0,6.48574350103568,14.51425649896432,20.5,21.5
1658.0,14.311030824892892,14.513181184798015,8.93646828834949,21.0,0,6.4868188152019854,14.513181184798015,20.5,21.5
1659.0,14.309955912385584,14.512106004705164,8.936059535738973,21.0,0,6.4878939952948365,14.512106004705164,20.5,21.5
1660.0,14.308881133110255,14.511030958405167,8.93564951583953,21.0,0,6.488969041594833,14.511030958405167,20.5,21.5
1661.0,14.3078064867868,14.509956045617589,8.935238229206272,21.0,0,6.490043954382411,14.509956045617589,20.5,21.5
1662.0,14.306731973135284,14.508881266062156,8.934825676396015,21.0,0,6.491118733937844,14.508881266062156,20.5,21.5
1663.0,14.305657591875935,14.507806619458762,8.934411857967298,21.0,0,6.492193380541238,14.507806619458762,20.5,21.5
1664.0,14.304583342729153,14.506732105527476,8.933996774480374,21.0,0,6.493267894472524,14.506732105527476,20.5,21.5
1665.0,14.303509225415503,14.505657723988525,8.933580426497201,21.0,0,6.494342276011475,14.505657723988525,20.5,21.5
1666.0,14.30243523965572,14.50458347456231,8.933162814581458,21.0,0,6.49541652543769,14.50458347456231,20.5,21.5
1667.0,14.301361385170706,14.503509356969394,8.93274393929853,21.0,0,6.496490643030606,14.503509356969394,20.5,21.5
1668.0,14.300287661681532,14.502435370930513,8.932323801215512,21.0,0,6.497564629069487,14.502435370930513,20.5,21.5
1669.0,14.29921406890944,14.501361516166572,8.931902400901212,21.0,0,6.498638483833428,14.501361516166572,20.5,21.5
1670.0,14.298140606575837,14.500287792398638,8.931479738926143,21.0,0,6.4997122076013625,14.500287792398638,20.5,21.5
1671.0,14.297067274402307,14.499214199347955,8.931055815862528,21.0,0,6.500785800652045,14.499214199347955,20.5,21.5
1672.0,14.295994072110599,14.49814073673593,8.930630632284299,21.0,0,6.50185926326407,14.49814073673593,20.5,21.5
1673.0,14.294920999422633,14.497067404284152,8.930204188767092,21.0,0,6.502932595715848,14.497067404284152,20.5,21.5
1674.0,14.293848056060503,14.495994201714364,8.929776485888251,21.0,0,6.504005798285636,14.495994201714364,20.5,21.5
1675.0,14.292775241746469,14.494921128748492,8.929347524226822,21.0,0,6.5050788712515075,14.494921128748492,20.5,21.5
1676.0,14.291702556202965,14.493848185108623,8.928917304363559,21.0,0,6.506151814891377,14.493848185108623,20.5,21.5
1677.0,14.290629999152598,14.492775370517023,8.928485826880914,21.0,0,6.507224629482977,14.492775370517023,20.5,21.5
1678.0,14.289557570318143,14.491702684696126,8.928053092363047,21.0,0,6.508297315303874,14.491702684696126,20.5,21.5
1679.0,14.288485269422551,14.490630127368537,8.927619101395818,21.0,0,6.5093698726314635,14.490630127368537,20.5,21.5
1680.0,14.287413096188946,14.48955769825703,8.927183854566788,21.0,0,6.51044230174297,14.48955769825703,20.5,21.5
1681.0,14.28634105034062,14.48848539708456,8.926747352465217,21.0,0,6.51151460291544,14.48848539708456,20.5,21.5
1682.0,14.285269131601046,14.487413223574247,8.926309595682065,21.0,0,6.512586776425753,14.487413223574247,20.5,21.5
1683.0,14.284197339693863,14.486341177449393,8.925870584809994,21.0,0,6.513658822550607,14.486341177449393,20.5,21.5
1684.0,14.283125674342886,14.485269258433458,8.92543032044336,21.0,0,6.514730741566542,14.485269258433458,20.5,21.5
1685.0,14.282054135272105,14.484197466250091,8.924988803178216,21.0,0,6.515802533749909,14.484197466250091,20.5,21.5
1686.0,14.280982722205687,14.483125800623105,8.924546033612312,21.0,0,6.516874199376895,14.483125800623105,20.5,21.5
1687.0,14.279911434867968,14.482054261276492,8.924102012345097,21.0,0,6.517945738723508,14.482054261276492,20.5,21.5
1688.0,14.278840272983462,14.48098284793441,8.923656739977709,21.0,0,6.51901715206559,14.48098284793441,20.5,21.5
1689.0,14.27776923627686,14.479911560321204,8.923210217112981,21.0,0,6.520088439678796,14.479911560321204,20.5,21.5
1690.0,14.276698324473028,14.47884039816139,8.922762444355442,21.0,0,6.52115960183861,14.47884039816139,20.5,21.5
1691.0,14.275627537297003,14.477769361179654,8.922313422311312,21.0,0,6.522230638820346,14.477769361179654,20.5,21.5
1692.0,14.274556874474007,14.47669844910086,8.9218631515885,21.0,0,6.52330155089914,14.47669844910086,20.5,21.5
1693.0,14.27348633572943,14.475627661650055,8.921411632796609,21.0,0,6.524372338349945,14.475627661650055,20.5,21.5
1694.0,14.272415920788843,14.474556998552453,8.920958866546929,21.0,0,6.525443001447547,14.474556998552453,20.5,21.5
1695.0,14.271345629377995,14.473486459533444,8.92050485345244,21.0,0,6.526513540466556,14.473486459533444,20.5,21.5
1696.0,14.27027546122281,14.472416044318607,8.92004959412781,21.0,0,6.5275839556813935,14.472416044318607,20.5,21.5
1697.0,14.269205416049392,14.471345752633685,8.919593089189394,21.0,0,6.528654247366315,14.471345752633685,20.5,21.5
1698.0,14.268135493584019,14.4702755842046,8.919135339255234,21.0,0,6.5297244157954,14.4702755842046,20.5,21.5
1699.0,14.267065693553153,14.46920553875746,8.918676344945057,21.0,0,6.5307944612425395,14.46920553875746,20.5,21.5
1700.0,14.265996015683431,14.468135616018548,8.918216106880275,21.0,0,6.531864383981452,14.468135616018548,20.5,21.5
1701.0,14.26492645970167,14.46706581571432,8.917754625683981,21.0,0,6.532934184285679,14.46706581571432,20.5,21.5
1702.0,14.263857025334866,14.465996137571414,8.917291901980956,21.0,0,6.534003862428586,14.465996137571414,20.5,21.5
1703.0,14.262787712310196,14.46492658131665,8.916827936397663,21.0,0,6.53507341868335,14.46492658131665,20.5,21.5
1704.0,14.261718520355014,14.463857146677023,8.91636272956224,21.0,0,6.536142853322977,14.463857146677023,20.5,21.5
1705.0,14.260649449196857,14.462787833379707,8.91589628210451,21.0,0,6.537212166620293,14.462787833379707,20.5,21.5
1706.0,14.259580498563437,14.46171864115206,8.91542859465598,21.0,0,6.538281358847939,14.46171864115206,20.5,21.5
1707.0,14.258511668182656,14.46064956972162,8.914959667849825,21.0,0,6.539350430278381,14.46064956972162,20.5,21.5
1708.0,14.25744295778259,14.459580618816096,8.914489502320906,21.0,0,6.540419381183904,14.459580618816096,20.5,21.5
1709.0,14.256374367091498,14.458511788163396,8.914018098705762,21.0,0,6.5414882118366044,14.458511788163396,20.5,21.5
1710.0,14.25530589583782,14.45744307749159,8.9135454576426,21.0,0,6.54255692250841,14.45744307749159,20.5,21.5
1711.0,14.25423754375018,14.456374486528938,8.913071579771312,21.0,0,6.543625513471062,14.456374486528938,20.5,21.5
1712.0,14.253169310557386,14.455306015003885,8.912596465733458,21.0,0,6.544693984996115,14.455306015003885,20.5,21.5
1713.0,14.252101195988422,14.45423766264505,8.912120116172273,21.0,0,6.545762337354949,14.45423766264505,20.5,21.5
1714.0,14.251033199772458,14.45316942918124,8.911642531732666,21.0,0,6.546830570818759,14.45316942918124,20.5,21.5
1715.0,14.24996532163885,14.452101314341444,8.911163713061217,21.0,0,6.547898685658556,14.452101314341444,20.5,21.5
1716.0,14.248897561317134,14.451033317854836,8.910683660806177,21.0,0,6.5489666821451635,14.451033317854836,20.5,21.5
1717.0,14.247829918537033,14.449965439450764,8.910202375617468,21.0,0,6.550034560549236,14.449965439450764,20.5,21.5
1718.0,14.24676239302845,14.44889767885877,8.909719858146678,21.0,0,6.551102321141229,14.44889767885877,20.5,21.5
1719.0,14.245694984521473,14.447830035808574,8.909236109047068,21.0,0,6.552169964191426,14.447830035808574,20.5,21.5
1720.0,14.244627692746377,14.446762510030078,8.908751128973565,21.0,0,6.553237489969922,14.446762510030078,20.5,21.5
1721.0,14.243560517433622,14.445695101253374,8.908264918582757,21.0,0,6.554304898746626,14.445695101253374,20.5,21.5
1722.0,14.242493458313852,14.444627809208736,8.907777478532909,21.0,0,6.555372190791264,14.444627809208736,20.5,21.5
1723.0,14.241426515117896,14.443560633626626,8.907288809483939,21.0,0,6.5564393663733735,14.443560633626626,20.5,21.5
1724.0,14.240359687576769,14.442493574237687,8.906798912097436,21.0,0,6.557506425762313,14.442493574237687,20.5,21.5
1725.0,14.239292975421673,14.441426630772744,8.90630778703665,21.0,0,6.558573369227256,14.441426630772744,20.5,21.5
1726.0,14.238226378383995,14.440359802962817,8.905815434966494,21.0,0,6.559640197037183,14.440359802962817,20.5,21.5
1727.0,14.237159896195312,14.43929309053911,8.905321856553538,21.0,0,6.56070690946089,14.43929309053911,20.5,21.5
1728.0,14.236093528587384,14.438226493233007,8.90482705246602,21.0,0,6.561773506766993,14.438226493233007,20.5,21.5
1729.0,14.23502727529216,14.437160010776083,8.90433102337383,21.0,0,6.562839989223917,14.437160010776083,20.5,21.5
1730.0,14.233961136041776,14.4360936429001,8.90383376994852,21.0,0,6.563906357099899,14.4360936429001,20.5,21.5
1731.0,14.232895110568558,14.435027389337012,8.9033352928633,21.0,0,6.564972610662988,14.435027389337012,20.5,21.5
1732.0,14.231829198605016,14.433961249818953,8.902835592793036,21.0,0,6.566038750181047,14.433961249818953,20.5,21.5
1733.0,14.230763399883854,14.432895224078248,8.902334670414248,21.0,0,6.567104775921752,14.432895224078248,20.5,21.5
1734.0,14.22969771413796,14.431829311847409,8.901832526405114,21.0,0,6.568170688152591,14.431829311847409,20.5,21.5
1735.0,14.228632141100412,14.430763512859135,8.901329161445462,21.0,0,6.569236487140865,14.430763512859135,20.5,21.5
1736.0,14.22756668050448,14.429697826846322,8.900824576216777,21.0,0,6.570302173153678,14.429697826846322,20.5,21.5
1737.0,14.226501332083624,14.428632253542043,8.900318771402194,21.0,0,6.571367746457957,14.428632253542043,20.5,21.5
1738.0,14.225436095571487,14.427566792679567,8.899811747686497,21.0,0,6.572433207320433,14.427566792679567,20.5,21.5
1739.0,14.22437097070191,14.42650144399236,8.899303505756126,21.0,0,6.573498556007641,14.42650144399236,20.5,21.5
1740.0,14.223305957208922,14.425436207214062,8.898794046299168,21.0,0,6.574563792785938,14.425436207214062,20.5,21.5
1741.0,14.222241054826739,14.424371082078514,8.898283370005352,21.0,0,6.575628917921486,14.424371082078514,20.5,21.5
1742.0,14.221176263289776,14.423306068319746,8.897771477566064,21.0,0,6.5766939316802535,14.423306068319746,20.5,21.5
1743.0,14.220111582332631,14.422241165671977,8.89725836967433,21.0,0,6.577758834328023,14.422241165671977,20.5,21.5
1744.0,14.2190470116901,14.421176373869613,8.896744047024823,21.0,0,6.5788236261303865,14.421176373869613,20.5,21.5
1745.0,14.217982551097167,14.420111692647263,8.896228510313863,21.0,0,6.579888307352737,14.420111692647263,20.5,21.5
1746.0,14.21691820028901,14.419047121739714,8.895711760239413,21.0,0,6.580952878260286,14.419047121739714,20.5,21.5
1747.0,14.215853959001,14.417982660881957,8.895193797501076,21.0,0,6.5820173391180425,14.417982660881957,20.5,21.5
1748.0,14.214789826968701,14.416918309809171,8.894674622800098,21.0,0,6.583081690190829,14.416918309809171,20.5,21.5
1749.0,14.213725803927867,14.415854068256724,8.894154236839368,21.0,0,6.584145931743276,14.415854068256724,20.5,21.5
1750.0,14.212661889614449,14.414789935960181,8.893632640323412,21.0,0,6.585210064039819,14.414789935960181,20.5,21.5
1751.0,14.21159808376459,14.413725912655298,8.893109833958396,21.0,0,6.586274087344702,14.413725912655298,20.5,21.5
1752.0,14.21053438611463,14.412661998078026,8.892585818452126,21.0,0,6.5873380019219745,14.412661998078026,20.5,21.5
1753.0,14.209470796401096,14.411598191964504,8.89206059451404,21.0,0,6.588401808035496,14.411598191964504,20.5,21.5
1754.0,14.208407314360718,14.410534494051074,8.891534162855216,21.0,0,6.589465505948926,14.410534494051074,20.5,21.5
1755.0,14.207343939730418,14.409470904074272,8.891006524188368,21.0,0,6.590529095925728,14.409470904074272,20.5,21.5
1756.0,14.20628067224731,14.408407421770814,8.89047767922784,21.0,0,6.591592578229186,14.408407421770814,20.5,21.5
1757.0,14.205217511648707,14.407344046877629,8.889947628689614,21.0,0,6.592655953122371,14.407344046877629,20.5,21.5
1758.0,14.204154457672114,14.40628077913183,8.889416373291297,21.0,0,6.59371922086817,14.40628077913183,20.5,21.5
1759.0,14.203091510055238,14.405217618270735,8.888883913752137,21.0,0,6.5947823817292655,14.405217618270735,20.5,21.5
1760.0,14.202028668535977,14.404154564031847,8.888350250793003,21.0,0,6.595845435968153,14.404154564031847,20.5,21.5
1761.0,14.200965932852428,14.403091616152873,8.8878153851364,21.0,0,6.596908383847127,14.403091616152873,20.5,21.5
1762.0,14.199903302742886,14.40202877437171,8.88727931750646,21.0,0,6.5979712256282905,14.40202877437171,20.5,21.5
1763.0,14.198840777945838,14.400966038426452,8.886742048628935,21.0,0,6.599033961573548,14.400966038426452,20.5,21.5
1764.0,14.197778358199974,14.3999034080554,8.886203579231214,21.0,0,6.600096591944601,14.3999034080554,20.5,21.5
1765.0,14.19671604324418,14.39884088299704,8.885663910042306,21.0,0,6.601159117002959,14.39884088299704,20.5,21.5
1766.0,14.19565383281754,14.397778462990065,8.885123041792843,21.0,0,6.602221537009935,14.397778462990065,20.5,21.5
1767.0,14.194591726659334,14.396716147773352,8.884580975215083,21.0,0,6.603283852226648,14.396716147773352,20.5,21.5
1768.0,14.193529724509046,14.395653937085996,8.884037711042907,21.0,0,6.604346062914004,14.395653937085996,20.5,21.5
1769.0,14.192467826106354,14.394591830667272,8.883493250011815,21.0,0,6.605408169332728,14.394591830667272,20.5,21.5
1770.0,14.191406031191136,14.393529828256664,8.882947592858928,21.0,0,6.606470171743336,14.393529828256664,20.5,21.5
1771.0,14.190344339503469,14.392467929593849,8.882400740322986,21.0,0,6.607532070406151,14.392467929593849,20.5,21.5
1772.0,14.189282750783633,14.39140613441871,8.881852693144348,21.0,0,6.608593865581289,14.39140613441871,20.5,21.5
1773.0,14.188221264772105,14.39034444247132,8.881303452064992,21.0,0,6.609655557528679,14.39034444247132,20.5,21.5
1774.0,14.187159881209563,14.38928285349196,8.88075301782851,21.0,0,6.6107171465080405,14.38928285349196,20.5,21.5
1775.0,14.186098599836887,14.38822136722111,8.880201391180112,21.0,0,6.61177863277889,14.38822136722111,20.5,21.5
1776.0,14.185037420395156,14.387159983399446,8.879648572866616,21.0,0,6.612840016600554,14.387159983399446,20.5,21.5
1777.0,14.18397634262565,14.386098701767846,8.879094563636462,21.0,0,6.613901298232154,14.386098701767846,20.5,21.5
1778.0,14.182915366269851,14.385037522067398,8.878539364239698,21.0,0,6.614962477932602,14.385037522067398,20.5,21.5
1779.0,14.181854491069446,14.383976444039376,8.877982975427981,21.0,0,6.6160235559606235,14.383976444039376,20.5,21.5
1780.0,14.180793716766317,14.382915467425264,8.877425397954582,21.0,0,6.6170845325747365,14.382915467425264,20.5,21.5
1781.0,14.179733043102555,14.381854591966743,8.87686663257438,21.0,0,6.618145408033257,14.381854591966743,20.5,21.5
1782.0,14.17867246982045,14.380793817405703,8.876306680043864,21.0,0,6.619206182594297,14.380793817405703,20.5,21.5
1783.0,14.177611996662495,14.37973314348423,8.875745541121127,21.0,0,6.620266856515769,14.37973314348423,20.5,21.5
1784.0,14.176551623371386,14.378672569944618,8.875183216565867,21.0,0,6.621327430055382,14.378672569944618,20.5,21.5
1785.0,14.175491349690025,14.377612096529358,8.874619707139395,21.0,0,6.622387903470642,14.377612096529358,20.5,21.5
1786.0,14.174431175361516,14.376551722981151,8.87405501360462,21.0,0,6.6234482770188485,14.376551722981151,20.5,21.5
1787.0,14.173371100129165,14.375491449042894,8.873489136726052,21.0,0,6.624508550957106,14.375491449042894,20.5,21.5
1788.0,14.172311123736485,14.374431274457692,8.87292207726981,21.0,0,6.625568725542308,14.374431274457692,20.5,21.5
1789.0,14.171251245927191,14.373371198968854,8.872353836003608,21.0,0,6.626628801031146,14.373371198968854,20.5,21.5
1790.0,14.170191466445207,14.37231122231989,8.871784413696762,21.0,0,6.62768877768011,14.37231122231989,20.5,21.5
1791.0,14.169131785034658,14.371251344254517,8.871213811120189,21.0,0,6.628748655745483,14.371251344254517,20.5,21.5
1792.0,14.168072201439875,14.37019156451666,8.870642029046401,21.0,0,6.629808435483341,14.37019156451666,20.5,21.5
1793.0,14.167012715405397,14.369131882850443,8.87006906824951,21.0,0,6.630868117149557,14.369131882850443,20.5,21.5
1794.0,14.165953326675966,14.368072299000199,8.869494929505219,21.0,0,6.6319277009998014,14.368072299000199,20.5,21.5
1795.0,14.164894034996532,14.367012812710461,8.86891961359083,21.0,0,6.6329871872895385,14.367012812710461,20.5,21.5
1796.0,14.163834840112251,14.36595342372598,8.868343121285237,21.0,0,6.63404657627402,14.36595342372598,20.5,21.5
1797.0,14.162775741768487,14.364894131791704,8.867765453368929,21.0,0,6.635105868208296,14.364894131791704,20.5,21.5
1798.0,14.161716739710807,14.363834936652784,8.867186610623982,21.0,0,6.636165063347216,14.363834936652784,20.5,21.5
1799.0,14.16065783368499,14.362775838054592,8.866606593834065,21.0,0,6.637224161945408,14.362775838054592,20.5,21.5
1800.0,14.15959902343702,14.361716835742687,8.86602540378444,21.0,0,6.638283164257313,14.361716835742687,20.5,21.5
1801.0,14.15854030871309,14.360657929462855,8.86544304126195,21.0,0,6.639342070537145,14.360657929462855,20.5,21.5
1802.0,14.1574816892596,14.359599118961077,8.86485950705503,21.0,0,6.640400881038923,14.359599118961077,20.5,21.5
1803.0,14.156423164823158,14.358540403983548,8.864274801953705,21.0,0,6.6414595960164515,14.358540403983548,20.5,21.5
1804.0,14.155364735150584,14.357481784276667,8.863688926749576,21.0,0,6.642518215723333,14.357481784276667,20.5,21.5
1805.0,14.154306399988904,14.356423259587043,8.863101882235837,21.0,0,6.643576740412957,14.356423259587043,20.5,21.5
1806.0,14.153248159085354,14.355364829661497,8.862513669207258,21.0,0,6.644635170338503,14.355364829661497,20.5,21.5
1807.0,14.15219001218738,14.354306494247052,8.861924288460195,21.0,0,6.6456935057529485,14.354306494247052,20.5,21.5
1808.0,14.151131959042633,14.353248253090948,8.861333740792585,21.0,0,6.646751746909052,14.353248253090948,20.5,21.5
1809.0,14.150073999398984,14.352190105940627,8.860742027003944,21.0,0,6.647809894059373,14.352190105940627,20.5,21.5
1810.0,14.149016133004505,14.35113205254375,8.860149147895365,21.0,0,6.6488679474562495,14.35113205254375,20.5,21.5
1811.0,14.147958359607482,14.350074092648175,8.859555104269523,21.0,0,6.649925907351825,14.350074092648175,20.5,21.5
1812.0,14.146900678956415,14.349016226001982,8.858959896930665,21.0,0,6.650983773998018,14.349016226001982,20.5,21.5
1813.0,14.14584309080001,14.347958452353456,8.858363526684615,21.0,0,6.652041547646544,14.347958452353456,20.5,21.5
1814.0,14.144785594887187,14.346900771451095,8.857765994338774,21.0,0,6.653099228548905,14.346900771451095,20.5,21.5
1815.0,14.143728190967078,14.345843183043609,8.857167300702113,21.0,0,6.654156816956391,14.345843183043609,20.5,21.5
1816.0,14.142670878789025,14.34478568687992,8.856567446585176,21.0,0,6.65521431312008,14.34478568687992,20.5,21.5
1817.0,14.141613658102584,14.343728282709154,8.855966432800079,21.0,0,6.656271717290846,14.343728282709154,20.5,21.5
1818.0,14.140556528657523,14.34267097028066,8.855364260160506,21.0,0,6.657329029719341,14.34267097028066,20.5,21.5
1819.0,14.139499490203823,14.341613749343987,8.854760929481715,21.0,0,6.658386250656013,14.341613749343987,20.5,21.5
1820.0,14.13844254249168,14.340556619648908,8.854156441580525,21.0,0,6.659443380351092,14.340556619648908,20.5,21.5
1821.0,14.137385685271497,14.339499580945404,8.853550797275327,21.0,0,6.660500419054596,14.339499580945404,20.5,21.5
1822.0,14.136328918293897,14.338442632983666,8.852943997386076,21.0,0,6.661557367016334,14.338442632983666,20.5,21.5
1823.0,14.135272241309716,14.337385775514104,8.852336042734288,21.0,0,6.662614224485896,14.337385775514104,20.5,21.5
1824.0,14.134215654070001,14.33632900828734,8.851726934143048,21.0,0,6.66367099171266,14.33632900828734,20.5,21.5
1825.0,14.133159156326016,14.335272331054208,8.851116672437,21.0,0,6.664727668945792,14.335272331054208,20.5,21.5
1826.0,14.132102747829238,14.334215743565755,8.85050525844235,21.0,0,6.665784256434245,14.334215743565755,20.5,21.5
1827.0,14.131046428331361,14.333159245573247,8.849892692986863,21.0,0,6.666840754426753,14.333159245573247,20.5,21.5
1828.0,14.129990197584291,14.332102836828165,8.849278976899868,21.0,0,6.667897163171835,14.332102836828165,20.5,21.5
1829.0,14.128934055340155,14.331046517082195,8.84866411101224,21.0,0,6.668953482917805,14.331046517082195,20.5,21.5
1830.0,14.12787800135129,14.329990286087249,8.848048096156425,21.0,0,6.670009713912751,14.329990286087249,20.5,21.5
1831.0,14.126822035370251,14.328934143595452,8.847430933166416,21.0,0,6.671065856404548,14.328934143595452,20.5,21.5
1832.0,14.12576615714981,14.327878089359142,8.846812622877762,21.0,0,6.672121910640858,14.327878089359142,20.5,21.5
1833.0,14.124710366442956,14.326822123130876,8.846193166127565,21.0,0,6.673177876869124,14.326822123130876,20.5,21.5
1834.0,14.123654663002894,14.325766244663424,8.845572563754478,21.0,0,6.6742337553365765,14.325766244663424,20.5,21.5
1835.0,14.122599046583044,14.324710453709773,8.844950816598711,21.0,0,6.675289546290227,14.324710453709773,20.5,21.5
1836.0,14.121543516937047,14.32365475002313,8.844327925502014,21.0,0,6.676345249976871,14.32365475002313,20.5,21.5
1837.0,14.120488073818759,14.32259913335692,8.843703891307698,21.0,0,6.6774008666430795,14.32259913335692,20.5,21.5
1838.0,14.119432716982256,14.321543603464779,8.843078714860608,21.0,0,6.678456396535221,14.321543603464779,20.5,21.5
1839.0,14.118377446181832,14.320488160100563,8.842452397007147,21.0,0,6.679511839899437,14.320488160100563,20.5,21.5
1840.0,14.117322261171998,14.319432803018355,8.841824938595257,21.0,0,6.680567196981645,14.319432803018355,20.5,21.5
1841.0,14.116267161707482,14.318377531972445,8.841196340474426,21.0,0,6.681622468027555,14.318377531972445,20.5,21.5
1842.0,14.115212147543236,14.317322346717338,8.840566603495684,21.0,0,6.682677653282662,14.317322346717338,20.5,21.5
1843.0,14.114157218434427,14.316267247007772,8.839935728511605,21.0,0,6.683732752992228,14.316267247007772,20.5,21.5
1844.0,14.113102374136442,14.315212232598693,8.8393037163763,21.0,0,6.684787767401307,14.315212232598693,20.5,21.5
1845.0,14.11204761440489,14.314157303245272,8.838670567945424,21.0,0,6.685842696754728,14.314157303245272,20.5,21.5
1846.0,14.110992938995599,14.313102458702895,8.838036284076168,21.0,0,6.686897541297105,14.313102458702895,20.5,21.5
1847.0,14.109938347664615,14.31204769872717,8.83740086562726,21.0,0,6.68795230127283,14.31204769872717,20.5,21.5
1848.0,14.108883840168208,14.310993023073925,8.836764313458962,21.0,0,6.689006976926075,14.310993023073925,20.5,21.5
1849.0,14.107829416262865,14.30993843149921,8.836126628433076,21.0,0,6.69006156850079,14.30993843149921,20.5,21.5
1850.0,14.106775075705299,14.308883923759293,8.835487811412936,21.0,0,6.691116076240707,14.308883923759293,20.5,21.5
1851.0,14.10572081825244,14.307829499610662,8.834847863263407,21.0,0,6.692170500389338,14.307829499610662,20.5,21.5
1852.0,14.104666643661442,14.306775158810026,8.834206784850885,21.0,0,6.6932248411899735,14.306775158810026,20.5,21.5
1853.0,14.10361255168968,14.305720901114322,8.833564577043296,21.0,0,6.694279098885678,14.305720901114322,20.5,21.5
1854.0,14.102558542094751,14.3046667262807,8.8329212407101,21.0,0,6.695333273719299,14.3046667262807,20.5,21.5
1855.0,14.101504614634475,14.303612634066535,8.832276776722278,21.0,0,6.6963873659334645,14.303612634066535,20.5,21.5
1856.0,14.100450769066892,14.302558624229425,8.831631185952341,21.0,0,6.697441375770575,14.302558624229425,20.5,21.5
1857.0,14.09939700515027,14.30150469652719,8.830984469274329,21.0,0,6.698495303472811,14.30150469652719,20.5,21.5
1858.0,14.098343322643094,14.300450850717871,8.830336627563797,21.0,0,6.699549149282129,14.300450850717871,20.5,21.5
1859.0,14.097289721304078,14.299397086559736,8.829687661697834,21.0,0,6.700602913440264,14.299397086559736,20.5,21.5
1860.0,14.096236200892157,14.29834340381127,8.829037572555041,21.0,0,6.70165659618873,14.29834340381127,20.5,21.5
1861.0,14.09518276116649,14.297289802231187,8.828386361015548,21.0,0,6.702710197768813,14.297289802231187,20.5,21.5
1862.0,14.094129401886459,14.296236281578427,8.827734027961,21.0,0,6.703763718421573,14.296236281578427,20.5,21.5
1863.0,14.093076122811674,14.295182841612142,8.827080574274563,21.0,0,6.704817158387858,14.295182841612142,20.5,21.5
1864.0,14.092022923701967,14.29412948209172,8.826426000840915,21.0,0,6.705870517908281,14.29412948209172,20.5,21.5
1865.0,14.090969804317394,14.293076202776769,8.825770308546254,21.0,0,6.706923797223231,14.293076202776769,20.5,21.5
1866.0,14.08991676441824,14.292023003427119,8.825113498278295,21.0,0,6.7079769965728815,14.292023003427119,20.5,21.5
1867.0,14.088863803765012,14.29096988380283,8.824455570926263,21.0,0,6.7090301161971695,14.29096988380283,20.5,21.5
1868.0,14.087810922118445,14.289916843664184,8.823796527380896,21.0,0,6.710083156335816,14.289916843664184,20.5,21.5
1869.0,14.086758119239498,14.28886388277169,8.823136368534442,21.0,0,6.71113611722831,14.28886388277169,20.5,21.5
1870.0,14.085705394889358,14.287811000886084,8.822475095280662,21.0,0,6.712188999113916,14.287811000886084,20.5,21.5
1871.0,14.084652748829436,14.286758197768322,8.821812708514825,21.0,0,6.713241802231678,14.286758197768322,20.5,21.5
1872.0,14.083600180821373,14.285705473179593,8.821149209133704,21.0,0,6.714294526820407,14.285705473179593,20.5,21.5
1873.0,14.082547690627035,14.284652826881313,8.820484598035582,21.0,0,6.715347173118687,14.284652826881313,20.5,21.5
1874.0,14.081495278008516,14.283600258635119,8.819818876120248,21.0,0,6.7163997413648815,14.283600258635119,20.5,21.5
1875.0,14.080442942728139,14.282547768202875,8.819152044288991,21.0,0,6.717452231797125,14.282547768202875,20.5,21.5
1876.0,14.079390684548452,14.281495355346678,8.818484103444606,21.0,0,6.718504644653322,14.281495355346678,20.5,21.5
1877.0,14.078338503232231,14.280443019828851,8.817815054491387,21.0,0,6.7195569801711486,14.280443019828851,20.5,21.5
1878.0,14.077286398542483,14.27939076141194,8.817144898335128,21.0,0,6.720609238588059,14.27939076141194,20.5,21.5
1879.0,14.076234370242442,14.278338579858723,8.816473635883126,21.0,0,6.721661420141277,14.278338579858723,20.5,21.5
1880.0,14.07518241809557,14.277286474932207,8.815801268044172,21.0,0,6.7227135250677925,14.277286474932207,20.5,21.5
1881.0,14.07413054186556,14.27623444639563,8.815127795728554,21.0,0,6.72376555360437,14.27623444639563,20.5,21.5
1882.0,14.073078741316333,14.275182494012451,8.814453219848057,21.0,0,6.724817505987549,14.275182494012451,20.5,21.5
1883.0,14.07202701621204,14.274130617546362,8.813777541315957,21.0,0,6.725869382453638,14.274130617546362,20.5,21.5
1884.0,14.070975366317061,14.273078816761284,8.813100761047028,21.0,0,6.726921183238716,14.273078816761284,20.5,21.5
1885.0,14.069923791396008,14.272027091421373,8.812422879957529,21.0,0,6.727972908578627,14.272027091421373,20.5,21.5
1886.0,14.06887229121372,14.270975441291005,8.811743898965215,21.0,0,6.7290245587089945,14.270975441291005,20.5,21.5
1887.0,14.067820865535271,14.269923866134793,8.811063818989327,21.0,0,6.730076133865207,14.269923866134793,20.5,21.5
1888.0,14.066769514125962,14.268872365717579,8.810382640950595,21.0,0,6.731127634282421,14.268872365717579,20.5,21.5
1889.0,14.065718236751326,14.267820939804432,8.809700365771235,21.0,0,6.732179060195568,14.267820939804432,20.5,21.5
1890.0,14.06466703317713,14.266769588160656,8.809016994374947,21.0,0,6.733230411839344,14.266769588160656,20.5,21.5
1891.0,14.06361590316937,14.265718310551785,8.80833252768692,21.0,0,6.734281689448215,14.265718310551785,20.5,21.5
1892.0,14.062564846494274,14.264667106743584,8.807646966633822,21.0,0,6.735332893256416,14.264667106743584,20.5,21.5
1893.0,14.061513862918302,14.263615976502052,8.806960312143802,21.0,0,6.736384023497948,14.263615976502052,20.5,21.5
1894.0,14.060462952208146,14.262564919593416,8.806272565146491,21.0,0,6.737435080406584,14.262564919593416,20.5,21.5
1895.0,14.059412114130733,14.261513935784134,8.805583726573,21.0,0,6.738486064215866,14.261513935784134,20.5,21.5
1896.0,14.058361348453221,14.260463024840906,8.804893797355914,21.0,0,6.739536975159094,14.260463024840906,20.5,21.5
1897.0,14.057310654943002,14.25941218653065,8.8042027784293,21.0,0,6.74058781346935,14.25941218653065,20.5,21.5
1898.0,14.0562600333677,14.258361420620528,8.803510670728695,21.0,0,6.741638579379472,14.258361420620528,20.5,21.5
1899.0,14.055209483495172,14.257310726877932,8.802817475191114,21.0,0,6.742689273122068,14.257310726877932,20.5,21.5
1900.0,14.054159005093512,14.256260105070487,8.802123192755044,21.0,0,6.743739894929513,14.256260105070487,20.5,21.5
1901.0,14.053108597931043,14.255209554966052,8.801427824360442,21.0,0,6.7447904450339475,14.255209554966052,20.5,21.5
1902.0,14.05205826177633,14.254159076332718,8.800731370948734,21.0,0,6.7458409236672825,14.254159076332718,20.5,21.5
1903.0,14.051007996398164,14.253108668938811,8.80003383346282,21.0,0,6.746891331061189,14.253108668938811,20.5,21.5
1904.0,14.049957801565577,14.252058332552888,8.799335212847062,21.0,0,6.747941667447112,14.252058332552888,20.5,21.5
1905.0,14.048907677047834,14.251008066943754,8.798635510047292,21.0,0,6.748991933056246,14.251008066943754,20.5,21.5
1906.0,14.047857622614435,14.249957871880431,8.797934726010809,21.0,0,6.750042128119569,14.249957871880431,20.5,21.5
1907.0,14.046807638035114,14.248907747132188,8.79723286168637,21.0,0,6.751092252867812,14.248907747132188,20.5,21.5
1908.0,14.045757723079845,14.247857692468525,8.796529918024197,21.0,0,6.752142307531475,14.247857692468525,20.5,21.5
1909.0,14.044707877518833,14.246807707659178,8.795825895975975,21.0,0,6.753192292340822,14.246807707659178,20.5,21.5
1910.0,14.043658101122524,14.245757792474114,8.795120796494848,21.0,0,6.754242207525886,14.245757792474114,20.5,21.5
1911.0,14.042608393661599,14.244707946683548,8.794414620535418,21.0,0,6.755292053316452,14.244707946683548,20.5,21.5
1912.0,14.041558754906974,14.243658170057921,8.793707369053745,21.0,0,6.7563418299420785,14.243658170057921,20.5,21.5
1913.0,14.040509184629803,14.242608462367912,8.792999043007347,21.0,0,6.757391537632088,14.242608462367912,20.5,21.5
1914.0,14.039459682601478,14.241558823384441,8.79228964335519,21.0,0,6.758441176615559,14.241558823384441,20.5,21.5
1915.0,14.03841024859363,14.240509252878661,8.791579171057704,21.0,0,6.759490747121339,14.240509252878661,20.5,21.5
1916.0,14.037360882378122,14.239459750621966,8.79086762707676,21.0,0,6.7605402493780336,14.239459750621966,20.5,21.5
1917.0,14.036311583727063,14.238410316385984,8.79015501237569,21.0,0,6.761589683614016,14.238410316385984,20.5,21.5
1918.0,14.035262352412792,14.23736094994258,8.789441327919269,21.0,0,6.76263905005742,14.23736094994258,20.5,21.5
1919.0,14.034213188207893,14.236311651063863,8.788726574673722,21.0,0,6.763688348936137,14.236311651063863,20.5,21.5
1920.0,14.033164090885187,14.235262419522176,8.788010753606722,21.0,0,6.764737580477824,14.235262419522176,20.5,21.5
1921.0,14.03211506021773,14.234213255090097,8.787293865687387,21.0,0,6.765786744909903,14.234213255090097,20.5,21.5
1922.0,14.031066095978824,14.233164157540449,8.786575911886278,21.0,0,6.766835842459551,14.233164157540449,20.5,21.5
1923.0,14.030017197942005,14.232115126646292,8.785856893175403,21.0,0,6.767884873353708,14.232115126646292,20.5,21.5
1924.0,14.028968365881052,14.231066162180923,8.785136810528206,21.0,0,6.768933837819077,14.231066162180923,20.5,21.5
1925.0,14.027919599569982,14.230017263917883,8.784415664919576,21.0,0,6.769982736082117,14.230017263917883,20.5,21.5
1926.0,14.026870898783052,14.22896843163095,8.783693457325839,21.0,0,6.77103156836905,14.22896843163095,20.5,21.5
1927.0,14.02582226329476,14.227919665094138,8.782970188724763,21.0,0,6.772080334905862,14.227919665094138,20.5,21.5
1928.0,14.024773692879846,14.226870964081707,8.782245860095543,21.0,0,6.773129035918293,14.226870964081707,20.5,21.5
1929.0,14.023725187313289,14.225822328368157,8.78152047241882,21.0,0,6.774177671631843,14.225822328368157,20.5,21.5
1930.0,14.02267674637031,14.22477375772822,8.78079402667666,21.0,0,6.7752262422717795,14.22477375772822,20.5,21.5
1931.0,14.021628369826372,14.223725251936887,8.780066523852566,21.0,0,6.776274748063113,14.223725251936887,20.5,21.5
1932.0,14.020580057457178,14.222676810769372,8.779337964931475,21.0,0,6.7773231892306285,14.222676810769372,20.5,21.5
1933.0,14.019531809038673,14.221628434001136,8.778608350899745,21.0,0,6.778371565998864,14.221628434001136,20.5,21.5
1934.0,14.018483624347045,14.220580121407886,8.77787768274517,21.0,0,6.779419878592114,14.220580121407886,20.5,21.5
1935.0,14.017435503158724,14.219531872765568,8.777145961456972,21.0,0,6.780468127234432,14.219531872765568,20.5,21.5
1936.0,14.016387445250384,14.218483687850371,8.776413188025789,21.0,0,6.781516312149629,14.218483687850371,20.5,21.5
1937.0,14.015339450398939,14.217435566438724,8.775679363443695,21.0,0,6.7825644335612765,14.217435566438724,20.5,21.5
1938.0,14.014291518381548,14.216387508307298,8.774944488704179,21.0,0,6.783612491692702,14.216387508307298,20.5,21.5
1939.0,14.013243648975612,14.21533951323301,8.774208564802159,21.0,0,6.78466048676699,14.21533951323301,20.5,21.5
1940.0,14.012195841958777,14.21429158099302,8.773471592733964,21.0,0,6.78570841900698,14.21429158099302,20.5,21.5
1941.0,14.011148097108931,14.213243711364731,8.772733573497352,21.0,0,6.786756288635269,14.213243711364731,20.5,21.5
1942.0,14.010100414204208,14.212195904125783,8.77199450809149,21.0,0,6.7878040958742165,14.212195904125783,20.5,21.5
1943.0,14.009052793022986,14.211148159054073,8.77125439751697,21.0,0,6.788851840945927,14.211148159054073,20.5,21.5
1944.0,14.008005233343885,14.210100475927728,8.77051324277579,21.0,0,6.789899524072272,14.210100475927728,20.5,21.5
1945.0,14.006957734945772,14.20905285452513,8.769771044871367,21.0,0,6.79094714547487,14.20905285452513,20.5,21.5
1946.0,14.005910297607757,14.208005294624893,8.769027804808532,21.0,0,6.791994705375107,14.208005294624893,20.5,21.5
1947.0,14.004862921109197,14.206957796005891,8.768283523593523,21.0,0,6.7930422039941085,14.206957796005891,20.5,21.5
1948.0,14.003815605229693,14.205910358447232,8.76753820223399,21.0,0,6.794089641552768,14.205910358447232,20.5,21.5
1949.0,14.002768349749093,14.204862981728274,8.766791841738986,21.0,0,6.795137018271726,14.204862981728274,20.5,21.5
1950.0,14.001721154447491,14.203815665628616,8.766044443118979,21.0,0,6.796184334371384,14.203815665628616,20.5,21.5
1951.0,14.000674019105226,14.202768409928108,8.765296007385835,21.0,0,6.797231590071892,14.202768409928108,20.5,21.5
1952.0,13.999626943502882,14.201721214406845,8.764546535552832,21.0,0,6.798278785593155,14.201721214406845,20.5,21.5
1953.0,13.998579927421293,14.200674078845164,8.763796028634642,21.0,0,6.799325921154836,14.200674078845164,20.5,21.5
1954.0,13.997532970641535,14.199627003023654,8.763044487647345,21.0,0,6.800372996976346,14.199627003023654,20.5,21.5
1955.0,13.996486072944936,14.198579986723143,8.762291913608419,21.0,0,6.801420013276857,14.198579986723143,20.5,21.5
1956.0,13.99543923411307,14.197533029724713,8.761538307536737,21.0,0,6.802466970275287,14.197533029724713,20.5,21.5
1957.0,13.994392453927754,14.196486131809687,8.760783670452575,21.0,0,6.803513868190313,14.196486131809687,20.5,21.5
1958.0,13.993345732171058,14.19543929275964,8.760028003377602,21.0,0,6.804560707240361,14.19543929275964,20.5,21.5
1959.0,13.992299068625298,14.194392512356393,8.759271307334881,21.0,0,6.8056074876436075,14.194392512356393,20.5,21.5
1960.0,13.99125246307304,14.193345790382015,8.758513583348869,21.0,0,6.806654209617985,14.193345790382015,20.5,21.5
1961.0,13.990205915297096,14.19229912661882,8.757754832445414,21.0,0,6.8077008733811795,14.19229912661882,20.5,21.5
1962.0,13.989159425080526,14.191252520849378,8.756995055651757,21.0,0,6.808747479150622,14.191252520849378,20.5,21.5
1963.0,13.98811299220664,14.190205972856495,8.756234253996523,21.0,0,6.809794027143505,14.190205972856495,20.5,21.5
1964.0,13.987066616458998,14.189159482423232,8.755472428509727,21.0,0,6.810840517576768,14.189159482423232,20.5,21.5
1965.0,13.986020297621408,14.188113049332907,8.754709580222773,21.0,0,6.811886950667093,14.188113049332907,20.5,21.5
1966.0,13.98497403547793,14.18706667336907,8.753945710168443,21.0,0,6.8129333266309295,14.18706667336907,20.5,21.5
1967.0,13.983927829812867,14.186020354315536,8.75318081938091,21.0,0,6.813979645684464,14.186020354315536,20.5,21.5
1968.0,13.982881680410781,14.184974091956366,8.752414908895725,21.0,0,6.8150259080436335,14.184974091956366,20.5,21.5
1969.0,13.981835587056478,14.183927886075864,8.751647979749817,21.0,0,6.816072113924136,14.183927886075864,20.5,21.5
1970.0,13.980789549535016,14.182881736458587,8.750880032981499,21.0,0,6.817118263541413,14.182881736458587,20.5,21.5
1971.0,13.979743567631706,14.181835642889343,8.75011106963046,21.0,0,6.818164357110657,14.181835642889343,20.5,21.5
1972.0,13.978697641132106,14.180789605153189,8.749341090737763,21.0,0,6.819210394846811,14.180789605153189,20.5,21.5
1973.0,13.977651769822026,14.179743623035439,8.74857009734585,21.0,0,6.820256376964561,14.179743623035439,20.5,21.5
1974.0,13.976605953487532,14.178697696321645,8.747798090498533,21.0,0,6.821302303678355,14.178697696321645,20.5,21.5
1975.0,13.975560191914933,14.177651824797627,8.747025071240996,21.0,0,6.822348175202373,14.177651824797627,20.5,21.5
1976.0,13.974514484890799,14.176606008249445,8.746251040619798,21.0,0,6.823393991750555,14.176606008249445,20.5,21.5
1977.0,13.973468832201945,14.175560246463414,8.745475999682862,21.0,0,6.824439753536586,14.175560246463414,20.5,21.5
1978.0,13.97242323363544,14.174514539226099,8.744699949479482,21.0,0,6.825485460773901,14.174514539226099,20.5,21.5
1979.0,13.97137768897861,14.173468886324315,8.743922891060318,21.0,0,6.826531113675685,14.173468886324315,20.5,21.5
1980.0,13.970332198019026,14.172423287545133,8.743144825477394,21.0,0,6.827576712454867,14.172423287545133,20.5,21.5
1981.0,13.969286760544518,14.171377742675878,8.742365753784098,21.0,0,6.828622257324122,14.171377742675878,20.5,21.5
1982.0,13.968241376343165,14.17033225150412,8.741585677035179,21.0,0,6.829667748495879,14.17033225150412,20.5,21.5
1983.0,13.967196045203304,14.169286813817692,8.74080459628675,21.0,0,6.830713186182308,14.169286813817692,20.5,21.5
1984.0,13.96615076691352,14.168241429404674,8.74002251259628,21.0,0,6.831758570595326,14.168241429404674,20.5,21.5
1985.0,13.965105541262657,14.1671960980534,8.739239427022596,21.0,0,6.832803901946599,14.1671960980534,20.5,21.5
1986.0,13.96406036803981,14.16615081955246,8.738455340625883,21.0,0,6.83384918044754,14.16615081955246,20.5,21.5
1987.0,13.963015247034328,14.165105593690692,8.737670254467682,21.0,0,6.834894406309308,14.165105593690692,20.5,21.5
1988.0,13.961970178035815,14.164060420257195,8.736884169610883,21.0,0,6.835939579742805,14.164060420257195,20.5,21.5
1989.0,13.96092516083413,14.163015299041316,8.736097087119735,21.0,0,6.836984700958684,14.163015299041316,20.5,21.5
1990.0,13.959880195219387,14.161970229832662,8.73530900805983,21.0,0,6.8380297701673385,14.161970229832662,20.5,21.5
1991.0,13.958835280981955,14.160925212421088,8.734519933498111,21.0,0,6.839074787578912,14.160925212421088,20.5,21.5
1992.0,13.957790417912458,14.159880246596714,8.733729864502877,21.0,0,6.840119753403286,14.159880246596714,20.5,21.5
1993.0,13.956745605801776,14.158835332149906,8.732938802143762,21.0,0,6.841164667850094,14.158835332149906,20.5,21.5
1994.0,13.955700844441045,14.157790468871289,8.73214674749175,21.0,0,6.842209531128711,14.157790468871289,20.5,21.5
1995.0,13.954656133621656,14.156745656551744,8.73135370161917,21.0,0,6.8432543434482564,14.156745656551744,20.5,21.5
1996.0,13.953611473135256,14.155700894982402,8.73055966559969,21.0,0,6.844299105017598,14.155700894982402,20.5,21.5
1997.0,13.952566862773748,14.154656183954662,8.729764640508321,21.0,0,6.845343816045338,14.154656183954662,20.5,21.5
1998.0,13.951522302329295,14.153611523260167,8.728968627421413,21.0,0,6.846388476739833,14.153611523260167,20.5,21.5
1999.0,13.950477791594313,14.152566912690821,8.728171627416646,21.0,0,6.847433087309179,14.152566912690821,20.5,21.5
2000.0,13.949433330361478,14.151522352038786,8.727373641573049,21.0,0,6.848477647961214,14.151522352038786,20.5,21.5
2001.0,13.94838891842372,14.150477841096478,8.726574670970976,21.0,0,6.849522158903522,14.150477841096478,20.5,21.5
2002.0,13.94734455557423,14.149433379656571,8.725774716692118,21.0,0,6.850566620343429,14.149433379656571,20.5,21.5
2003.0,13.946300241606453,14.148388967512002,8.724973779819498,21.0,0,6.851611032487998,14.148388967512002,20.5,21.5
2004.0,13.945255976314096,14.147344604455958,8.724171861437467,21.0,0,6.852655395544042,14.147344604455958,20.5,21.5
2005.0,13.94421175949112,14.146300290281886,8.723368962631708,21.0,0,6.853699709718114,14.146300290281886,20.5,21.5
2006.0,13.943167590931749,14.145256024783492,8.722565084489228,21.0,0,6.854743975216508,14.145256024783492,20.5,21.5
2007.0,13.94212347043046,14.144211807754738,8.721760228098363,21.0,0,6.855788192245262,14.144211807754738,20.5,21.5
2008.0,13.941079397781992,14.143167638989846,8.72095439454877,21.0,0,6.856832361010154,14.143167638989846,20.5,21.5
2009.0,13.940035372781345,14.142123518283295,8.720147584931432,21.0,0,6.857876481716705,14.142123518283295,20.5,21.5
2010.0,13.938991395223775,14.141079445429828,8.719339800338652,21.0,0,6.858920554570172,14.141079445429828,20.5,21.5
2011.0,13.937947464904799,14.140035420224436,8.718531041864052,21.0,0,6.859964579775564,14.140035420224436,20.5,21.5
2012.0,13.936903581620191,14.13899144246238,8.717721310602577,21.0,0,6.86100855753762,14.13899144246238,20.5,21.5
2013.0,13.935859745165988,14.13794751193918,8.716910607650483,21.0,0,6.8620524880608205,14.13794751193918,20.5,21.5
2014.0,13.934815955338484,14.136903628450607,8.716098934105345,21.0,0,6.863096371549393,14.136903628450607,20.5,21.5
2015.0,13.933772211934238,14.135859791792702,8.715286291066052,21.0,0,6.8641402082072975,14.135859791792702,20.5,21.5
2016.0,13.932728514750064,14.134816001761758,8.714472679632804,21.0,0,6.865183998238242,14.134816001761758,20.5,21.5
2017.0,13.93168486358304,14.133772258154327,8.713658100907113,21.0,0,6.866227741845673,14.133772258154327,20.5,21.5
2018.0,13.930641258230505,14.13272856076723,8.7128425559918,21.0,0,6.86727143923277,14.13272856076723,20.5,21.5
2019.0,13.929597698490058,14.131684909397546,8.712026045990996,21.0,0,6.868315090602454,14.131684909397546,20.5,21.5
2020.0,13.928554184159559,14.130641303842609,8.711208572010138,21.0,0,6.869358696157391,14.130641303842609,20.5,21.5
2021.0,13.92751071503713,14.129597743900025,8.710390135155963,21.0,0,6.870402256099975,14.129597743900025,20.5,21.5
2022.0,13.926467290921154,14.128554229367648,8.709570736536522,21.0,0,6.871445770632352,14.128554229367648,20.5,21.5
2023.0,13.925423911610277,14.127510760043606,8.708750377261156,21.0,0,6.872489239956394,14.127510760043606,20.5,21.5
2024.0,13.924380576903408,14.126467335726275,8.707929058440516,21.0,0,6.873532664273725,14.126467335726275,20.5,21.5
2025.0,13.923337286599715,14.12542395621431,8.707106781186548,21.0,0,6.874576043785691,14.12542395621431,20.5,21.5
2026.0,13.922294040498633,14.124380621306608,8.706283546612495,21.0,0,6.875619378693392,14.124380621306608,20.5,21.5
2027.0,13.921250838399855,14.123337330802348,8.7054593558329,21.0,0,6.876662669197652,14.123337330802348,20.5,21.5
2028.0,13.920207680103342,14.12229408450096,8.704634209963595,21.0,0,6.877705915499041,14.12229408450096,20.5,21.5
2029.0,13.919164565409314,14.121250882202139,8.70380811012171,21.0,0,6.878749117797861,14.121250882202139,20.5,21.5
2030.0,13.918121494118257,14.120207723705846,8.702981057425662,21.0,0,6.879792276294154,14.120207723705846,20.5,21.5
2031.0,13.917078466030919,14.119164608812303,8.702153052995163,21.0,0,6.880835391187697,14.119164608812303,20.5,21.5
2032.0,13.916035480948311,14.118121537321993,8.70132409795121,21.0,0,6.8818784626780065,14.118121537321993,20.5,21.5
2033.0,13.914992538671711,14.117078509035668,8.700494193416088,21.0,0,6.882921490964332,14.117078509035668,20.5,21.5
2034.0,13.913949639002661,14.116035523754334,8.699663340513366,21.0,0,6.883964476245666,14.116035523754334,20.5,21.5
2035.0,13.912906781742963,14.114992581279276,8.6988315403679,21.0,0,6.885007418720724,14.114992581279276,20.5,21.5
2036.0,13.911863966694689,14.113949681412029,8.697998794105827,21.0,0,6.886050318587971,14.113949681412029,20.5,21.5
2037.0,13.910821193660171,14.1129068239544,8.697165102854564,21.0,0,6.8870931760456,14.1129068239544,20.5,21.5
2038.0,13.90977846244201,14.11186400870846,8.69633046774281,21.0,0,6.88813599129154,14.11186400870846,20.5,21.5
2039.0,13.90873577284307,14.110821235476541,8.695494889900537,21.0,0,6.889178764523459,14.110821235476541,20.5,21.5
2040.0,13.907693124666482,14.109778504061245,8.694658370458997,21.0,0,6.890221495938755,14.109778504061245,20.5,21.5
2041.0,13.90665051771564,14.108735814265435,8.693820910550718,21.0,0,6.891264185734565,14.108735814265435,20.5,21.5
2042.0,13.905607951794208,14.107693165892243,8.692982511309497,21.0,0,6.892306834107757,14.107693165892243,20.5,21.5
2043.0,13.90456542670611,14.106650558745063,8.692143173870408,21.0,0,6.893349441254937,14.106650558745063,20.5,21.5
2044.0,13.903522942255544,14.105607992627558,8.691302899369788,21.0,0,6.894392007372442,14.105607992627558,20.5,21.5
2045.0,13.902480498246966,14.104565467343653,8.69046168894525,21.0,0,6.895434532656347,14.104565467343653,20.5,21.5
2046.0,13.901438094485107,14.103522982697546,8.68961954373567,21.0,0,6.896477017302454,14.103522982697546,20.5,21.5
2047.0,13.900395730774957,14.102480538493694,8.68877646488119,21.0,0,6.897519461506306,14.102480538493694,20.5,21.5
2048.0,13.899353406921778,14.10143813453683,8.687932453523219,21.0,0,6.89856186546317,14.10143813453683,20.5,21.5
2049.0,13.898311122731098,14.100395770631943,8.687087510804423,21.0,0,6.899604229368057,14.100395770631943,20.5,21.5
2050.0,13.897268878008713,14.099353446584292,8.686241637868733,21.0,0,6.900646553415708,14.099353446584292,20.5,21.5
2051.0,13.896226672560685,14.098311162199408,8.68539483586134,21.0,0,6.901688837800592,14.098311162199408,20.5,21.5
2052.0,13.895184506193345,14.097268917283088,8.684547105928688,21.0,0,6.902731082716912,14.097268917283088,20.5,21.5
2053.0,13.894142378713292,14.096226711641389,8.683698449218484,21.0,0,6.903773288358611,14.096226711641389,20.5,21.5
2054.0,13.893100289927393,14.09518454508065,8.682848866879683,21.0,0,6.9048154549193494,14.09518454508065,20.5,21.5
2055.0,13.892058239642783,14.094142417407465,8.681998360062499,21.0,0,6.905857582592535,14.094142417407465,20.5,21.5
2056.0,13.891016227666867,14.0931003284287,8.681146929918393,21.0,0,6.906899671571299,14.0931003284287,20.5,21.5
2057.0,13.889974253807317,14.092058277951494,8.680294577600078,21.0,0,6.9079417220485055,14.092058277951494,20.5,21.5
2058.0,13.888932317872076,14.091016265783253,8.679441304261516,21.0,0,6.908983734216747,14.091016265783253,20.5,21.5
2059.0,13.887890419669354,14.089974291731645,8.678587111057917,21.0,0,6.910025708268355,14.089974291731645,20.5,21.5
2060.0,13.886848559007632,14.088932355604616,8.677731999145733,21.0,0,6.911067644395384,14.088932355604616,20.5,21.5
2061.0,13.88580673569566,14.087890457210372,8.67687596968266,21.0,0,6.9121095427896275,14.087890457210372,20.5,21.5
2062.0,13.884764949542458,14.086848596357402,8.676019023827642,21.0,0,6.913151403642598,14.086848596357402,20.5,21.5
2063.0,13.883723200357315,14.085806772854449,8.675161162740856,21.0,0,6.914193227145551,14.085806772854449,20.5,21.5
2064.0,13.88268148794979,14.084764986510535,8.674302387583724,21.0,0,6.915235013489465,14.084764986510535,20.5,21.5
2065.0,13.881639812129718,14.083723237134953,8.673442699518901,21.0,0,6.9162767628650474,14.083723237134953,20.5,21.5
2066.0,13.880598172707195,14.08268152453726,8.67258209971028,21.0,0,6.917318475462739,14.08268152453726,20.5,21.5
2067.0,13.879556569492596,14.081639848527288,8.671720589322991,21.0,0,6.9183601514727116,14.081639848527288,20.5,21.5
2068.0,13.878515002296563,14.08059820891514,8.67085816952339,21.0,0,6.91940179108486,14.08059820891514,20.5,21.5
2069.0,13.877473470930008,14.079556605511183,8.669994841479074,21.0,0,6.920443394488817,14.079556605511183,20.5,21.5
2070.0,13.876431975204119,14.078515038126062,8.66913060635886,21.0,0,6.921484961873938,14.078515038126062,20.5,21.5
2071.0,13.87539051493035,14.077473506570692,8.668265465332796,21.0,0,6.922526493429308,14.077473506570692,20.5,21.5
2072.0,13.87434908992043,14.076432010656259,8.66739941957216,21.0,0,6.923567989343741,14.076432010656259,20.5,21.5
2073.0,13.873307699986361,14.07539055019422,8.666532470249452,21.0,0,6.92460944980578,14.07539055019422,20.5,21.5
2074.0,13.872266344940414,14.074349124996303,8.665664618538397,21.0,0,6.925650875003697,14.074349124996303,20.5,21.5
2075.0,13.871225024595134,14.073307734874508,8.664795865613938,21.0,0,6.926692265125492,14.073307734874508,20.5,21.5
2076.0,13.870183738763338,14.072266379641103,8.663926212652242,21.0,0,6.927733620358897,14.072266379641103,20.5,21.5
2077.0,13.869142487258115,14.071225059108642,8.663055660830691,21.0,0,6.928774940891358,14.071225059108642,20.5,21.5
2078.0,13.86810126989283,14.070183773089937,8.66218421132789,21.0,0,6.929816226910063,14.070183773089937,20.5,21.5
2079.0,13.867060086481116,14.069142521398078,8.661311865323652,21.0,0,6.930857478601922,14.069142521398078,20.5,21.5
2080.0,13.866018936836884,14.068101303846428,8.660438623999008,21.0,0,6.9318986961535725,14.068101303846428,20.5,21.5
2081.0,13.864977820774316,14.067060120248623,8.6595644885362,21.0,0,6.932939879751377,14.067060120248623,20.5,21.5
2082.0,13.863936738107869,14.066018970418574,8.65868946011868,21.0,0,6.933981029581426,14.066018970418574,20.5,21.5
2083.0,13.862895688652271,14.064977854170461,8.657813539931112,21.0,0,6.935022145829539,14.064977854170461,20.5,21.5
2084.0,13.861854672222528,14.063936771318742,8.656936729159362,21.0,0,6.936063228681258,14.063936771318742,20.5,21.5
2085.0,13.860813688633915,14.06289572167815,8.656059028990507,21.0,0,6.937104278321851,14.06289572167815,20.5,21.5
2086.0,13.859772737701986,14.061854705063684,8.655180440612826,21.0,0,6.938145294936316,14.061854705063684,20.5,21.5
2087.0,13.858731819242568,14.060813721290623,8.654300965215796,21.0,0,6.939186278709377,14.060813721290623,20.5,21.5
2088.0,13.857690933071762,14.059772770174522,8.653420603990106,21.0,0,6.940227229825478,14.059772770174522,20.5,21.5
2089.0,13.856650079005945,14.058731851531206,8.652539358127632,21.0,0,6.941268148468794,14.058731851531206,20.5,21.5
2090.0,13.855609256861769,14.057690965176779,8.651657228821456,21.0,0,6.9423090348232215,14.057690965176779,20.5,21.5
2091.0,13.854568466456161,14.056650110927611,8.650774217265852,21.0,0,6.943349889072389,14.056650110927611,20.5,21.5
2092.0,13.853527707606323,14.055609288600362,8.649890324656289,21.0,0,6.944390711399638,14.055609288600362,20.5,21.5
2093.0,13.852486980129733,14.054568498011957,8.649005552189431,21.0,0,6.945431501988043,14.054568498011957,20.5,21.5
2094.0,13.851446283844144,14.053527738979597,8.648119901063131,21.0,0,6.9464722610204035,14.053527738979597,20.5,21.5
2095.0,13.850405618567589,14.05248701132076,8.647233372476432,21.0,0,6.9475129886792395,14.05248701132076,20.5,21.5
2096.0,13.84936498411837,14.051446314853203,8.646345967629566,21.0,0,6.948553685146797,14.051446314853203,20.5,21.5
2097.0,13.848324380315072,14.050405649394952,8.645457687723951,21.0,0,6.949594350605048,14.050405649394952,20.5,21.5
2098.0,13.847283806976554,14.049365014764316,8.644568533962186,21.0,0,6.950634985235684,14.049365014764316,20.5,21.5
2099.0,13.84624326392195,14.048324410779879,8.643678507548062,21.0,0,6.951675589220121,14.048324410779879,20.5,21.5
2100.0,13.845202750970676,14.047283837260494,8.64278760968654,21.0,0,6.952716162739506,14.047283837260494,20.5,21.5
2101.0,13.84416226794242,14.046243294025306,8.641895841583768,21.0,0,6.953756705974694,14.046243294025306,20.5,21.5
2102.0,13.843121814657147,14.045202780893721,8.641003204447074,21.0,0,6.954797219106279,14.045202780893721,20.5,21.5
2103.0,13.842081390935105,14.044162297685432,8.640109699484956,21.0,0,6.955837702314568,14.044162297685432,20.5,21.5
2104.0,13.841040996596815,14.043121844220405,8.63921532790709,21.0,0,6.956878155779595,14.043121844220405,20.5,21.5
2105.0,13.840000631463077,14.042081420318885,8.638320090924328,21.0,0,6.957918579681115,14.042081420318885,20.5,21.5
2106.0,13.838960295354969,14.041041025801395,8.63742398974869,21.0,0,6.958958974198605,14.041041025801395,20.5,21.5
2107.0,13.837919988093848,14.040000660488735,8.636527025593367,21.0,0,6.959999339511265,14.040000660488735,20.5,21.5
2108.0,13.836879709501348,14.038960324201984,8.635629199672717,21.0,0,6.961039675798016,14.038960324201984,20.5,21.5
2109.0,13.835839459399383,14.037920016762495,8.634730513202268,21.0,0,6.962079983237505,14.037920016762495,20.5,21.5
2110.0,13.834799237610143,14.03687973799191,8.63383096739871,21.0,0,6.96312026200809,14.03687973799191,20.5,21.5
2111.0,13.833759043956102,14.035839487712135,8.6329305634799,21.0,0,6.964160512287865,14.035839487712135,20.5,21.5
2112.0,13.832718878260007,14.034799265745368,8.63202930266485,21.0,0,6.965200734254632,14.034799265745368,20.5,21.5
2113.0,13.831678740344888,14.033759071914076,8.631127186173742,21.0,0,6.966240928085924,14.033759071914076,20.5,21.5
2114.0,13.830638630034054,14.032718906041008,8.630224215227907,21.0,0,6.9672810939589915,14.032718906041008,20.5,21.5
2115.0,13.829598547151093,14.031678767949199,8.629320391049838,21.0,0,6.968321232050801,14.031678767949199,20.5,21.5
2116.0,13.828558491519873,14.030638657461955,8.62841571486318,21.0,0,6.969361342538045,14.030638657461955,20.5,21.5
2117.0,13.827518462964541,14.02959857440286,8.627510187892739,21.0,0,6.9704014255971405,14.02959857440286,20.5,21.5
2118.0,13.826478461309527,14.028558518595787,8.626603811364461,21.0,0,6.971441481404213,14.028558518595787,20.5,21.5
2119.0,13.825438486379538,14.027518489864885,8.625696586505452,21.0,0,6.972481510135115,14.027518489864885,20.5,21.5
2120.0,13.824398537999564,14.026478488034579,8.62478851454396,21.0,0,6.973521511965421,14.026478488034579,20.5,21.5
2121.0,13.823358615994872,14.025438512929577,8.623879596709386,21.0,0,6.974561487070423,14.025438512929577,20.5,21.5
2122.0,13.822318720191015,14.024398564374872,8.622969834232272,21.0,0,6.975601435625128,14.024398564374872,20.5,21.5
2123.0,13.821278850413824,14.023358642195731,8.622059228344304,21.0,0,6.976641357804269,14.023358642195731,20.5,21.5
2124.0,13.82023900648941,14.022318746217703,8.62114778027831,21.0,0,6.977681253782297,14.022318746217703,20.5,21.5
2125.0,13.819199188244168,14.021278876266626,8.62023549126826,21.0,0,6.978721123733374,14.021278876266626,20.5,21.5
2126.0,13.818159395504773,14.020239032168607,8.61932236254926,21.0,0,6.9797609678313925,14.020239032168607,20.5,21.5
2127.0,13.817119628098183,14.019199213750042,8.618408395357555,21.0,0,6.980800786249958,14.019199213750042,20.5,21.5
2128.0,13.816079885851636,14.018159420837605,8.617493590930522,21.0,0,6.9818405791623945,14.018159420837605,20.5,21.5
2129.0,13.81504016859265,14.017119653258254,8.616577950506674,21.0,0,6.982880346741746,14.017119653258254,20.5,21.5
2130.0,13.814000476149033,14.016079910839228,8.615661475325659,21.0,0,6.9839200891607724,14.016079910839228,20.5,21.5
2131.0,13.812960808348869,14.015040193408046,8.614744166628247,21.0,0,6.984959806591954,14.015040193408046,20.5,21.5
2132.0,13.811921165020525,14.014000500792514,8.613826025656342,21.0,0,6.985999499207486,14.014000500792514,20.5,21.5
2133.0,13.810881545992652,14.012960832820715,8.612907053652977,21.0,0,6.987039167179285,14.012960832820715,20.5,21.5
2134.0,13.809841951094183,14.011921189321024,8.611987251862303,21.0,0,6.988078810678976,14.011921189321024,20.5,21.5
2135.0,13.808802380154336,14.010881570122084,8.6110666215296,21.0,0,6.989118429877916,14.010881570122084,20.5,21.5
2136.0,13.807762833002611,14.009841975052833,8.610145163901267,21.0,0,6.990158024947167,14.009841975052833,20.5,21.5
2137.0,13.806723309468792,14.008802403942488,8.609222880224827,21.0,0,6.991197596057512,14.008802403942488,20.5,21.5
2138.0,13.805683809382943,14.007762856620548,8.608299771748914,21.0,0,6.992237143379452,14.007762856620548,20.5,21.5
2139.0,13.804644332575416,14.006723332916792,8.607375839723286,21.0,0,6.993276667083208,14.006723332916792,20.5,21.5
2140.0,13.803604878876845,14.005683832661294,8.606451085398813,21.0,0,6.994316167338706,14.005683832661294,20.5,21.5
2141.0,13.80256544811815,14.0046443556844,8.605525510027478,21.0,0,6.9953556443156,14.0046443556844,20.5,21.5
2142.0,13.801526040130533,14.003604901816747,8.604599114862374,21.0,0,6.996395098183253,14.003604901816747,20.5,21.5
2143.0,13.800486654745479,14.002565470889252,8.603671901157709,21.0,0,6.997434529110748,14.002565470889252,20.5,21.5
2144.0,13.799447291794761,14.001526062733124,8.602743870168794,21.0,0,6.998473937266876,14.001526062733124,20.5,21.5
2145.0,13.798407951110436,14.000486677179842,8.601815023152048,21.0,0,6.9995133228201585,14.000486677179842,20.5,21.5
2146.0,13.797368632524844,13.99944731406118,8.600885361364996,21.0,0,7.000552685938819,13.99944731406118,20.5,21.5
2147.0,13.796329335870611,13.998407973209197,8.599954886066266,21.0,0,7.001592026790803,13.998407973209197,20.5,21.5
2148.0,13.795290060980651,13.997368654456233,8.599023598515586,21.0,0,7.002631345543767,13.997368654456233,20.5,21.5
2149.0,13.794250807688158,13.996329357634911,8.598091499973783,21.0,0,7.003670642365089,13.996329357634911,20.5,21.5
2150.0,13.793211575826614,13.995290082578146,8.597158591702787,21.0,0,7.004709917421854,13.995290082578146,20.5,21.5
2151.0,13.79217236522979,13.994250829119135,8.596224874965616,21.0,0,7.005749170880865,13.994250829119135,20.5,21.5
2152.0,13.791133175731737,13.99321159709136,8.59529035102639,21.0,0,7.00678840290864,13.99321159709136,20.5,21.5
2153.0,13.790094007166797,13.99217238632859,8.594355021150317,21.0,0,7.0078276136714095,13.99217238632859,20.5,21.5
2154.0,13.789054859369594,13.991133196664876,8.593418886603702,21.0,0,7.008866803335124,13.991133196664876,20.5,21.5
2155.0,13.78801573217504,13.99009402793456,8.59248194865393,21.0,0,7.0099059720654395,13.99009402793456,20.5,21.5
2156.0,13.786976625418337,13.989054879972269,8.591544208569484,21.0,0,7.010945120027731,13.989054879972269,20.5,21.5
2157.0,13.785937538934967,13.988015752612915,8.590605667619926,21.0,0,7.011984247387085,13.988015752612915,20.5,21.5
2158.0,13.784898472560704,13.986976645691698,8.589666327075903,21.0,0,7.013023354308302,13.986976645691698,20.5,21.5
2159.0,13.783859426131606,13.9859375590441,8.588726188209149,21.0,0,7.0140624409559,13.9859375590441,20.5,21.5
2160.0,13.782820399484022,13.984898492505897,8.587785252292473,21.0,0,7.015101507494103,13.984898492505897,20.5,21.5
2161.0,13.781781392454583,13.983859445913145,8.586843520599768,21.0,0,7.016140554086855,13.983859445913145,20.5,21.5
2162.0,13.780742404880213,13.982820419102197,8.585900994406,21.0,0,7.017179580897803,13.982820419102197,20.5,21.5
2163.0,13.779703436598117,13.98178141190968,8.584957674987216,21.0,0,7.0182185880903205,13.98178141190968,20.5,21.5
2164.0,13.778664487445795,13.980742424172519,8.58401356362053,21.0,0,7.019257575827481,13.980742424172519,20.5,21.5
2165.0,13.77762555726103,13.97970345572792,8.583068661584134,21.0,0,7.02029654427208,13.97970345572792,20.5,21.5
2166.0,13.776586645881896,13.978664506413384,8.58212297015729,21.0,0,7.021335493586616,13.978664506413384,20.5,21.5
2167.0,13.77554775314675,13.97762557606669,8.581176490620324,21.0,0,7.022374423933311,13.97762557606669,20.5,21.5
2168.0,13.774508878894245,13.976586664525914,8.580229224254634,21.0,0,7.0234133354740855,13.976586664525914,20.5,21.5
2169.0,13.773470022963318,13.975547771629417,8.579281172342679,21.0,0,7.024452228370583,13.975547771629417,20.5,21.5
2170.0,13.772431185193193,13.974508897215847,8.578332336167986,21.0,0,7.025491102784153,13.974508897215847,20.5,21.5
2171.0,13.771392365423388,13.973470041124145,8.577382717015142,21.0,0,7.026529958875855,13.973470041124145,20.5,21.5
2172.0,13.770353563493707,13.972431203193537,8.576432316169793,21.0,0,7.027568796806463,13.972431203193537,20.5,21.5
2173.0,13.769314779244242,13.971392383263538,8.575481134918643,21.0,0,7.028607616736462,13.971392383263538,20.5,21.5
2174.0,13.768276012515377,13.97035358117395,8.574529174549456,21.0,0,7.029646418826051,13.97035358117395,20.5,21.5
2175.0,13.767237263147784,13.969314796764868,8.573576436351045,21.0,0,7.030685203235132,13.969314796764868,20.5,21.5
2176.0,13.766198530982425,13.968276029876677,8.572622921613283,21.0,0,7.031723970123323,13.968276029876677,20.5,21.5
2177.0,13.765159815860551,13.967237280350044,8.57166863162709,21.0,0,7.032762719649956,13.967237280350044,20.5,21.5
2178.0,13.764121117623704,13.966198548025938,8.570713567684432,21.0,0,7.033801451974062,13.966198548025938,20.5,21.5
2179.0,13.763082436113717,13.965159832745607,8.569757731078331,21.0,0,7.0348401672543925,13.965159832745607,20.5,21.5
2180.0,13.76204377117271,13.964121134350592,8.568801123102851,21.0,0,7.0358788656494085,13.964121134350592,20.5,21.5
2181.0,13.761005122643096,13.963082452682727,8.567843745053102,21.0,0,7.036917547317273,13.963082452682727,20.5,21.5
2182.0,13.759966490367578,13.962043787584133,8.56688559822523,21.0,0,7.037956212415867,13.962043787584133,20.5,21.5
2183.0,13.75892787418915,13.961005138897221,8.565926683916434,21.0,0,7.038994861102779,13.961005138897221,20.5,21.5
2184.0,13.757889273951095,13.959966506464696,8.564967003424938,21.0,0,7.040033493535304,13.959966506464696,20.5,21.5
2185.0,13.75685068949699,13.958927890129553,8.564006558050014,21.0,0,7.041072109870447,13.958927890129553,20.5,21.5
2186.0,13.7558121206707,13.957889289735073,8.563045349091967,21.0,0,7.042110710264927,13.957889289735073,20.5,21.5
2187.0,13.754773567316384,13.956850705124833,8.562083377852131,21.0,0,7.0431492948751675,13.956850705124833,20.5,21.5
2188.0,13.753735029278491,13.955812136142702,8.561120645632878,21.0,0,7.044187863857298,13.955812136142702,20.5,21.5
2189.0,13.752696506401762,13.954773582632836,8.560157153737608,21.0,0,7.045226417367164,13.954773582632836,20.5,21.5
2190.0,13.751657998531229,13.953735044439686,8.559192903470747,21.0,0,7.046264955560314,13.953735044439686,20.5,21.5
2191.0,13.750619505512217,13.95269652140799,8.558227896137753,21.0,0,7.04730347859201,13.95269652140799,20.5,21.5
2192.0,13.749581027190342,13.95165801338278,8.557262133045104,21.0,0,7.0483419866172206,13.95165801338278,20.5,21.5
2193.0,13.748542563411512,13.950619520209383,8.556295615500305,21.0,0,7.049380479790617,13.950619520209383,20.5,21.5
2194.0,13.747504114021929,13.949581041733415,8.55532834481188,21.0,0,7.050418958266585,13.949581041733415,20.5,21.5
2195.0,13.746465678868088,13.948542577800788,8.554360322289371,21.0,0,7.051457422199212,13.948542577800788,20.5,21.5
2196.0,13.745427257796772,13.947504128257696,8.553391549243344,21.0,0,7.052495871742304,13.947504128257696,20.5,21.5
2197.0,13.744388850655062,13.946465692950643,8.552422026985376,21.0,0,7.0535343070493575,13.946465692950643,20.5,21.5
2198.0,13.743350457290328,13.945427271726405,8.551451756828056,21.0,0,7.054572728273595,13.945427271726405,20.5,21.5
2199.0,13.742312077550235,13.944388864432065,8.550480740084996,21.0,0,7.0556111355679345,13.944388864432065,20.5,21.5
2200.0,13.741273711282743,13.943350470914998,8.549508978070806,21.0,0,7.056649529085002,13.943350470914998,20.5,21.5
2201.0,13.7402353583361,13.942312091022865,8.548536472101114,21.0,0,7.057687908977135,13.942312091022865,20.5,21.5
2202.0,13.739197018558853,13.941273724603624,8.547563223492551,21.0,0,7.058726275396376,13.941273724603624,20.5,21.5
2203.0,13.738158691799839,13.940235371505528,8.546589233562754,21.0,0,7.059764628494472,13.940235371505528,20.5,21.5
2204.0,13.737120377908191,13.939197031577118,8.545614503630365,21.0,0,7.060802968422882,13.939197031577118,20.5,21.5
2205.0,13.736082076733336,13.938158704667234,8.544639035015027,21.0,0,7.061841295332766,13.938158704667234,20.5,21.5
2206.0,13.735043788124992,13.937120390625012,8.543662829037384,21.0,0,7.062879609374988,13.937120390625012,20.5,21.5
2207.0,13.734005511933175,13.936082089299877,8.542685887019076,21.0,0,7.063917910700123,13.936082089299877,20.5,21.5
2208.0,13.732967248008192,13.935043800541546,8.54170821028274,21.0,0,7.064956199458454,13.935043800541546,20.5,21.5
2209.0,13.731928996200647,13.934005524200037,8.540729800152011,21.0,0,7.065994475799963,13.934005524200037,20.5,21.5
2210.0,13.730890756361438,13.932967260125656,8.539750657951513,21.0,0,7.067032739874344,13.932967260125656,20.5,21.5
2211.0,13.729852528341755,13.93192900816901,8.538770785006863,21.0,0,7.068070991830989,13.93192900816901,20.5,21.5
2212.0,13.728814311993089,13.930890768180992,8.537790182644667,21.0,0,7.069109231819008,13.930890768180992,20.5,21.5
2213.0,13.72777610716722,13.929852540012797,8.536808852192518,21.0,0,7.0701474599872025,13.929852540012797,20.5,21.5
2214.0,13.726737913716224,13.928814323515912,8.535826794978997,21.0,0,7.071185676484088,13.928814323515912,20.5,21.5
2215.0,13.725699731492478,13.927776118542118,8.534844012333664,21.0,0,7.072223881457882,13.927776118542118,20.5,21.5
2216.0,13.724661560348647,13.926737924943499,8.533860505587068,21.0,0,7.073262075056501,13.926737924943499,20.5,21.5
2217.0,13.723623400137695,13.92569974257242,8.53287627607073,21.0,0,7.074300257427581,13.92569974257242,20.5,21.5
2218.0,13.722585250712882,13.924661571281552,8.531891325117158,21.0,0,7.075338428718448,13.924661571281552,20.5,21.5
2219.0,13.721547111927762,13.923623410923861,8.530905654059831,21.0,0,7.076376589076139,13.923623410923861,20.5,21.5
2220.0,13.720508983636188,13.922585261352603,8.529919264233206,21.0,0,7.077414738647397,13.922585261352603,20.5,21.5
2221.0,13.719470865692308,13.921547122421334,8.52893215697271,21.0,0,7.078452877578666,13.921547122421334,20.5,21.5
2222.0,13.718432757950564,13.920508993983907,8.527944333614743,21.0,0,7.079491006016093,13.920508993983907,20.5,21.5
2223.0,13.717394660265697,13.91947087589447,8.526955795496677,21.0,0,7.08052912410553,13.91947087589447,20.5,21.5
2224.0,13.716356572492742,13.918432768007467,8.525966543956848,21.0,0,7.081567231992533,13.918432768007467,20.5,21.5
2225.0,13.715318494487034,13.917394670177638,8.52497658033456,21.0,0,7.082605329822362,13.917394670177638,20.5,21.5
2226.0,13.714280426104203,13.916356582260017,8.523985905970079,21.0,0,7.083643417739983,13.916356582260017,20.5,21.5
2227.0,13.713242367200177,13.915318504109939,8.522994522204636,21.0,0,7.084681495890061,13.915318504109939,20.5,21.5
2228.0,13.712204317631178,13.914280435583034,8.522002430380418,21.0,0,7.085719564416966,13.914280435583034,20.5,21.5
2229.0,13.711166277253728,13.913242376535232,8.521009631840577,21.0,0,7.086757623464768,13.913242376535232,20.5,21.5
2230.0,13.710128245924645,13.912204326822751,8.520016127929216,21.0,0,7.087795673177249,13.912204326822751,20.5,21.5
2231.0,13.709090223501047,13.91116628630212,8.519021919991395,21.0,0,7.0888337136978805,13.91116628630212,20.5,21.5
2232.0,13.708052209840345,13.910128254830152,8.51802700937313,21.0,0,7.089871745169848,13.910128254830152,20.5,21.5
2233.0,13.70701420480025,13.909090232263967,8.517031397421384,21.0,0,7.090909767736033,13.909090232263967,20.5,21.5
2234.0,13.705976208238775,13.908052218460975,8.516035085484072,21.0,0,7.091947781539025,13.908052218460975,20.5,21.5
2235.0,13.704938220014224,13.90701421327889,8.515038074910054,21.0,0,7.09298578672111,13.90701421327889,20.5,21.5
2236.0,13.703900239985202,13.90597621657572,8.514040367049141,21.0,0,7.09402378342428,13.90597621657572,20.5,21.5
2237.0,13.702862268010616,13.904938228209772,8.513041963252082,21.0,0,7.095061771790228,13.904938228209772,20.5,21.5
2238.0,13.701824303949664,13.903900248039657,8.51204286487057,21.0,0,7.0960997519603435,13.903900248039657,20.5,21.5
2239.0,13.700786347661849,13.902862275924273,8.511043073257245,21.0,0,7.097137724075727,13.902862275924273,20.5,21.5
2240.0,13.699748399006968,13.901824311722823,8.510042589765675,21.0,0,7.098175688277177,13.901824311722823,20.5,21.5
2241.0,13.698710457845118,13.900786355294803,8.50904141575037,21.0,0,7.099213644705197,13.900786355294803,20.5,21.5
2242.0,13.6976725240367,13.89974840650002,8.508039552566778,21.0,0,7.10025159349998,13.89974840650002,20.5,21.5
2243.0,13.696634597442404,13.898710465198567,8.507037001571273,21.0,0,7.101289534801433,13.898710465198567,20.5,21.5
2244.0,13.69559667792323,13.897672531250842,8.506033764121163,21.0,0,7.1023274687491575,13.897672531250842,20.5,21.5
2245.0,13.69455876534047,13.896634604517544,8.50502984157469,21.0,0,7.103365395482456,13.896634604517544,20.5,21.5
2246.0,13.693520859555719,13.895596684859665,8.504025235291017,21.0,0,7.104403315140335,13.895596684859665,20.5,21.5
2247.0,13.692482960430866,13.8945587721385,8.503019946630236,21.0,0,7.105441227861499,13.8945587721385,20.5,21.5
2248.0,13.691445067828106,13.893520866215642,8.50201397695336,21.0,0,7.106479133784358,13.893520866215642,20.5,21.5
2249.0,13.690407181609931,13.89248296695298,8.501007327622329,21.0,0,7.107517033047021,13.89248296695298,20.5,21.5
2250.0,13.689369301639134,13.891445074212715,8.5,21.0,0,7.108554925787285,13.891445074212715,20.5,21.5
2251.0,13.688331427778806,13.890407187857331,8.498991995450147,21.0,0,7.109592812142669,13.890407187857331,20.5,21.5
2252.0,13.68729355989234,13.889369307749627,8.497983315337464,21.0,0,7.110630692250373,13.889369307749627,20.5,21.5
2253.0,13.68625569784343,13.888331433752692,8.496973961027555,21.0,0,7.1116685662473085,13.888331433752692,20.5,21.5
2254.0,13.685217841496067,13.88729356572992,8.495963933886943,21.0,0,7.1127064342700805,13.88729356572992,20.5,21.5
2255.0,13.684179990714545,13.886255703545,8.494953235283054,21.0,0,7.113744296455,13.886255703545,20.5,21.5
2256.0,13.683142145363458,13.885217847061933,8.493941866584231,21.0,0,7.1147821529380675,13.885217847061933,20.5,21.5
2257.0,13.682104305307702,13.884179996145004,8.492929829159719,21.0,0,7.115820003854996,13.884179996145004,20.5,21.5
2258.0,13.681066470412471,13.883142150658816,8.49191712437967,21.0,0,7.116857849341184,13.883142150658816,20.5,21.5
2259.0,13.680028640543265,13.882104310468254,8.490903753615141,21.0,0,7.117895689531746,13.882104310468254,20.5,21.5
2260.0,13.678990815565879,13.881066475438521,8.489889718238087,21.0,0,7.118933524561479,13.881066475438521,20.5,21.5
2261.0,13.677952995346413,13.880028645435113,8.488875019621366,21.0,0,7.119971354564887,13.880028645435113,20.5,21.5
2262.0,13.676915179751267,13.878990820323825,8.487859659138733,21.0,0,7.121009179676175,13.878990820323825,20.5,21.5
2263.0,13.675877368647145,13.877952999970756,8.486843638164839,21.0,0,7.122047000029244,13.877952999970756,20.5,21.5
2264.0,13.674839561901049,13.876915184242312,8.485826958075227,21.0,0,7.123084815757688,13.876915184242312,20.5,21.5
2265.0,13.673801759380284,13.875877373005192,8.484809620246336,21.0,0,7.124122626994808,13.875877373005192,20.5,21.5
2266.0,13.672763960952457,13.8748395661264,8.483791626055496,21.0,0,7.125160433873599,13.8748395661264,20.5,21.5
2267.0,13.671726166485477,13.873801763473242,8.482772976880922,21.0,0,7.126198236526758,13.873801763473242,20.5,21.5
2268.0,13.670688375847556,13.872763964913323,8.481753674101714,21.0,0,7.127236035086677,13.872763964913323,20.5,21.5
2269.0,13.669650588907206,13.871726170314554,8.480733719097866,21.0,0,7.128273829685446,13.871726170314554,20.5,21.5
2270.0,13.668612805533245,13.870688379545147,8.479713113250247,21.0,0,7.129311620454853,13.870688379545147,20.5,21.5
2271.0,13.667575025594788,13.869650592473613,8.478691857940607,21.0,0,7.130349407526387,13.869650592473613,20.5,21.5
2272.0,13.666537248961257,13.868612808968768,8.47766995455158,21.0,0,7.131387191031232,13.868612808968768,20.5,21.5
2273.0,13.665499475502376,13.867575028899733,8.476647404466675,21.0,0,7.132424971100267,13.867575028899733,20.5,21.5
2274.0,13.664461705088168,13.866537252135924,8.475624209070276,21.0,0,7.133462747864076,13.866537252135924,20.5,21.5
2275.0,13.663423937588965,13.865499478547068,8.474600369747641,21.0,0,7.134500521452932,13.865499478547068,20.5,21.5
2276.0,13.662386172875395,13.864461708003187,8.4735758878849,21.0,0,7.135538291996813,13.864461708003187,20.5,21.5
2277.0,13.661348410818398,13.863423940374616,8.472550764869053,21.0,0,7.1365760596253836,13.863423940374616,20.5,21.5
2278.0,13.660310651289208,13.862386175531984,8.47152500208797,21.0,0,7.137613824468016,13.862386175531984,20.5,21.5
2279.0,13.659272894159368,13.861348413346224,8.470498600930384,21.0,0,7.138651586653776,13.861348413346224,20.5,21.5
2280.0,13.658235139300723,13.860310653688575,8.469471562785891,21.0,0,7.139689346311425,13.860310653688575,20.5,21.5
2281.0,13.65719738658542,13.859272896430578,8.468443889044954,21.0,0,7.1407271035694215,13.859272896430578,20.5,21.5
2282.0,13.656159635885912,13.858235141444084,8.467415581098894,21.0,0,7.141764858555916,13.858235141444084,20.5,21.5
2283.0,13.655121887074955,13.857197388601232,8.466386640339891,21.0,0,7.142802611398768,13.857197388601232,20.5,21.5
2284.0,13.654084140025608,13.856159637774482,8.465357068160982,21.0,0,7.143840362225518,13.856159637774482,20.5,21.5
2285.0,13.653046394611236,13.855121888836587,8.464326865956057,21.0,0,7.144878111163413,13.855121888836587,20.5,21.5
2286.0,13.652008650705504,13.854084141660604,8.463296035119862,21.0,0,7.1459158583393965,13.854084141660604,20.5,21.5
2287.0,13.650970908182387,13.853046396119899,8.462264577047991,21.0,0,7.146953603880101,13.853046396119899,20.5,21.5
2288.0,13.64993316691616,13.85200865208814,8.46123249313689,21.0,0,7.14799134791186,13.85200865208814,20.5,21.5
2289.0,13.648895426781404,13.850970909439297,8.460199784783851,21.0,0,7.149029090560703,13.850970909439297,20.5,21.5
2290.0,13.647857687653005,13.84993316804765,8.459166453387011,21.0,0,7.1500668319523495,13.84993316804765,20.5,21.5
2291.0,13.64681994940615,13.848895427787781,8.458132500345352,21.0,0,7.151104572212219,13.848895427787781,20.5,21.5
2292.0,13.64578221191634,13.847857688534571,8.457097927058694,21.0,0,7.152142311465429,13.847857688534571,20.5,21.5
2293.0,13.644744475059367,13.846819950163214,8.456062734927702,21.0,0,7.153180049836786,13.846819950163214,20.5,21.5
2294.0,13.64370673871134,13.8457822125492,8.455026925353874,21.0,0,7.154217787450801,13.8457822125492,20.5,21.5
2295.0,13.642669002748669,13.84474447556833,8.453990499739547,21.0,0,7.15525552443167,13.84474447556833,20.5,21.5
2296.0,13.641631267048067,13.843706739096714,8.45295345948789,21.0,0,7.156293260903286,13.843706739096714,20.5,21.5
2297.0,13.640593531486555,13.842669003010759,8.451915806002908,21.0,0,7.157330996989241,13.842669003010759,20.5,21.5
2298.0,13.639555795941458,13.841631267187177,8.450877540689431,21.0,0,7.158368732812823,13.841631267187177,20.5,21.5
2299.0,13.638518060290409,13.840593531502993,8.44983866495312,21.0,0,7.159406468497007,13.840593531502993,20.5,21.5
2300.0,13.63748032441134,13.839555795835528,8.448799180200462,21.0,0,7.160444204164472,13.839555795835528,20.5,21.5
2301.0,13.636442588182499,13.838518060062412,8.44775908783877,21.0,0,7.1614819399375875,13.838518060062412,20.5,21.5
2302.0,13.63540485148243,13.837480324061591,8.446718389276176,21.0,0,7.162519675938409,13.837480324061591,20.5,21.5
2303.0,13.63436711418999,13.836442587711298,8.445677085921638,21.0,0,7.163557412288702,13.836442587711298,20.5,21.5
2304.0,13.633329376184337,13.835404850890082,8.444635179184928,21.0,0,7.164595149109918,13.835404850890082,20.5,21.5
2305.0,13.632291637344936,13.834367113476802,8.443592670476635,21.0,0,7.165632886523198,13.834367113476802,20.5,21.5
2306.0,13.631253897551563,13.833329375350615,8.44254956120817,21.0,0,7.1666706246493845,13.833329375350615,20.5,21.5
2307.0,13.630216156684295,13.832291636390988,8.441505852791746,21.0,0,7.167708363609012,13.832291636390988,20.5,21.5
2308.0,13.629178414623516,13.831253896477694,8.440461546640394,21.0,0,7.168746103522306,13.831253896477694,20.5,21.5
2309.0,13.62814067124992,13.830216155490808,8.439416644167958,21.0,0,7.169783844509192,13.830216155490808,20.5,21.5
2310.0,13.627102926444504,13.82917841331072,8.438371146789077,21.0,0,7.17082158668928,13.82917841331072,20.5,21.5
2311.0,13.626065180088572,13.828140669818122,8.437325055919208,21.0,0,7.171859330181878,13.828140669818122,20.5,21.5
2312.0,13.625027432063739,13.827102924894012,8.436278372974607,21.0,0,7.172897075105988,13.827102924894012,20.5,21.5
2313.0,13.62398968225192,13.826065178419693,8.435231099372327,21.0,0,7.173934821580307,13.826065178419693,20.5,21.5
2314.0,13.622951930535345,13.825027430276776,8.43418323653023,21.0,0,7.174972569723224,13.825027430276776,20.5,21.5
2315.0,13.621914176796544,13.823989680347182,8.433134785866963,21.0,0,7.176010319652818,13.823989680347182,20.5,21.5
2316.0,13.620876420918359,13.822951928513138,8.432085748801983,21.0,0,7.177048071486862,13.822951928513138,20.5,21.5
2317.0,13.619838662783936,13.821914174657177,8.431036126755531,21.0,0,7.178085825342823,13.821914174657177,20.5,21.5
2318.0,13.61880090227673,13.820876418662142,8.429985921148642,21.0,0,7.179123581337858,13.820876418662142,20.5,21.5
2319.0,13.617763139280504,13.819838660411174,8.428935133403145,21.0,0,7.180161339588826,13.819838660411174,20.5,21.5
2320.0,13.616725373679328,13.818800899787732,8.427883764941654,21.0,0,7.181199100212268,13.818800899787732,20.5,21.5
2321.0,13.61568760535758,13.817763136675577,8.426831817187567,21.0,0,7.182236863324423,13.817763136675577,20.5,21.5
2322.0,13.614649834199946,13.816725370958778,8.425779291565073,21.0,0,7.183274629041222,13.816725370958778,20.5,21.5
2323.0,13.61361206009142,13.815687602521715,8.424726189499134,21.0,0,7.184312397478285,13.815687602521715,20.5,21.5
2324.0,13.6125742829173,13.814649831249074,8.423672512415502,21.0,0,7.185350168750926,13.814649831249074,20.5,21.5
2325.0,13.611536502563201,13.813612057025846,8.4226182617407,21.0,0,7.186387942974154,13.813612057025846,20.5,21.5
2326.0,13.610498718915036,13.812574279737337,8.42156343890203,21.0,0,7.187425720262663,13.812574279737337,20.5,21.5
2327.0,13.609460931859033,13.811536499269156,8.420508045327574,21.0,0,7.188463500730844,13.811536499269156,20.5,21.5
2328.0,13.608423141281726,13.810498715507217,8.419452082446178,21.0,0,7.189501284492783,13.810498715507217,20.5,21.5
2329.0,13.60738534706996,13.809460928337748,8.418395551687462,21.0,0,7.190539071662252,13.809460928337748,20.5,21.5
2330.0,13.606347549110883,13.808423137647285,8.417338454481818,21.0,0,7.191576862352715,13.808423137647285,20.5,21.5
2331.0,13.605309747291956,13.80738534332267,8.416280792260402,21.0,0,7.19261465667733,13.80738534332267,20.5,21.5
2332.0,13.60427194150095,13.806347545251054,8.415222566455133,21.0,0,7.193652454748946,13.806347545251054,20.5,21.5
2333.0,13.60323413162594,13.8053097433199,8.414163778498699,21.0,0,7.194690256680101,13.8053097433199,20.5,21.5
2334.0,13.602196317555315,13.80427193741697,8.413104429824543,21.0,0,7.195728062583029,13.80427193741697,20.5,21.5
2335.0,13.60115849917777,13.803234127430349,8.412044521866868,21.0,0,7.196765872569651,13.803234127430349,20.5,21.5
2336.0,13.600120676382307,13.80219631324842,8.41098405606064,21.0,0,7.19780368675158,13.80219631324842,20.5,21.5
2337.0,13.599082849058243,13.801158494759875,8.409923033841572,21.0,0,7.198841505240125,13.801158494759875,20.5,21.5
2338.0,13.5980450170952,13.800120671853728,8.408861456646138,21.0,0,7.199879328146272,13.800120671853728,20.5,21.5
2339.0,13.59700718038311,13.799082844419285,8.407799325911556,21.0,0,7.200917155580715,13.799082844419285,20.5,21.5
2340.0,13.595969338812216,13.798045012346174,8.406736643075801,21.0,0,7.201954987653826,13.798045012346174,20.5,21.5
2341.0,13.59493149227307,13.797007175524325,8.405673409577588,21.0,0,7.202992824475675,13.797007175524325,20.5,21.5
2342.0,13.59389364065653,13.795969333843985,8.40460962685638,21.0,0,7.204030666156015,13.795969333843985,20.5,21.5
2343.0,13.59285578385377,13.794931487195697,8.403545296352391,21.0,0,7.205068512804303,13.794931487195697,20.5,21.5
2344.0,13.591817921756268,13.79389363547033,8.402480419506563,21.0,0,7.206106364529671,13.79389363547033,20.5,21.5
2345.0,13.590780054255818,13.79285577855905,8.40141499776059,21.0,0,7.2071442214409505,13.79285577855905,20.5,21.5
2346.0,13.58974218124452,13.791817916353342,8.400349032556894,21.0,0,7.208182083646658,13.791817916353342,20.5,21.5
2347.0,13.588704302614781,13.790780048744988,8.399282525338643,21.0,0,7.209219951255012,13.790780048744988,20.5,21.5
2348.0,13.587666418259326,13.789742175626099,8.398215477549728,21.0,0,7.210257824373901,13.789742175626099,20.5,21.5
2349.0,13.586628528071184,13.788704296889085,8.39714789063478,21.0,0,7.211295703110915,13.788704296889085,20.5,21.5
2350.0,13.585590631943697,13.78766641242666,8.396079766039158,21.0,0,7.21233358757334,13.78766641242666,20.5,21.5
2351.0,13.584552729770516,13.786628522131858,8.395011105208942,21.0,0,7.213371477868142,13.786628522131858,20.5,21.5
2352.0,13.583514821445604,13.785590625898024,8.393941909590952,21.0,0,7.214409374101976,13.785590625898024,20.5,21.5
2353.0,13.582476906863233,13.784552723618807,8.392872180632716,21.0,0,7.215447276381193,13.784552723618807,20.5,21.5
2354.0,13.581438985917988,13.78351481518817,8.391801919782498,21.0,0,7.21648518481183,13.78351481518817,20.5,21.5
2355.0,13.58040105850476,13.782476900500384,8.390731128489275,21.0,0,7.217523099499616,13.782476900500384,20.5,21.5
2356.0,13.579363124518757,13.781438979450034,8.389659808202738,21.0,0,7.218561020549966,13.781438979450034,20.5,21.5
2357.0,13.578325183855494,13.780401051932012,8.388587960373306,21.0,0,7.219598948067988,13.780401051932012,20.5,21.5
2358.0,13.577287236410797,13.779363117841523,8.387515586452103,21.0,0,7.220636882158477,13.779363117841523,20.5,21.5
2359.0,13.576249282080806,13.77832517707409,8.386442687890968,21.0,0,7.221674822925911,13.77832517707409,20.5,21.5
2360.0,13.575211320761968,13.77728722952553,8.385369266142447,21.0,0,7.22271277047447,13.77728722952553,20.5,21.5
2361.0,13.574173352351044,13.776249275091988,8.384295322659804,21.0,0,7.223750724908012,13.776249275091988,20.5,21.5
2362.0,13.573135376745107,13.77521131366991,8.383220858896998,21.0,0,7.22478868633009,13.77521131366991,20.5,21.5
2363.0,13.572097393841537,13.774173345156058,8.382145876308698,21.0,0,7.225826654843942,13.774173345156058,20.5,21.5
2364.0,13.57105940353803,13.773135369447505,8.381070376350275,21.0,0,7.226864630552495,13.773135369447505,20.5,21.5
2365.0,13.570021405732593,13.77209738644163,8.379994360477799,21.0,0,7.227902613558371,13.77209738644163,20.5,21.5
2366.0,13.568983400323543,13.771059396036131,8.37891783014804,21.0,0,7.228940603963869,13.771059396036131,20.5,21.5
2367.0,13.567945387209507,13.770021398129012,8.377840786818467,21.0,0,7.229978601870988,13.770021398129012,20.5,21.5
2368.0,13.56690736628943,13.76898339261859,8.376763231947237,21.0,0,7.2310166073814095,13.76898339261859,20.5,21.5
2369.0,13.56586933746256,13.767945379403496,8.375685166993204,21.0,0,7.232054620596504,13.767945379403496,20.5,21.5
2370.0,13.564831300628466,13.766907358382673,8.374606593415912,21.0,0,7.233092641617327,13.766907358382673,20.5,21.5
2371.0,13.563793255687024,13.76586932945537,8.373527512675594,21.0,0,7.23413067054463,13.76586932945537,20.5,21.5
2372.0,13.56275520253842,13.764831292521151,8.372447926233166,21.0,0,7.235168707478849,13.764831292521151,20.5,21.5
2373.0,13.56171714108316,13.763793247479896,8.371367835550235,21.0,0,7.236206752520104,13.763793247479896,20.5,21.5
2374.0,13.560679071222053,13.762755194231795,8.370287242089086,21.0,0,7.237244805768205,13.762755194231795,20.5,21.5
2375.0,13.559640992856226,13.761717132677347,8.369206147312685,21.0,0,7.238282867322653,13.761717132677347,20.5,21.5
2376.0,13.558602905887117,13.760679062717367,8.368124552684678,21.0,0,7.239320937282633,13.760679062717367,20.5,21.5
2377.0,13.557564810216476,13.759640984252979,8.367042459669388,21.0,0,7.240359015747021,13.759640984252979,20.5,21.5
2378.0,13.556526705746366,13.758602897185622,8.365959869731812,21.0,0,7.241397102814378,13.758602897185622,20.5,21.5
2379.0,13.555488592379163,13.757564801417043,8.36487678433762,21.0,0,7.242435198582957,13.757564801417043,20.5,21.5
2380.0,13.554450470017555,13.756526696849312,8.363793204953152,21.0,0,7.243473303150688,13.756526696849312,20.5,21.5
2381.0,13.553412338564542,13.755488583384798,8.362709133045417,21.0,0,7.244511416615202,13.755488583384798,20.5,21.5
2382.0,13.552374197923438,13.754450460926188,8.361624570082093,21.0,0,7.245549539073812,13.754450460926188,20.5,21.5
2383.0,13.55133604799787,13.753412329376488,8.36053951753152,21.0,0,7.246587670623512,13.753412329376488,20.5,21.5
2384.0,13.550297888691777,13.75237418863901,8.3594539768627,21.0,0,7.24762581136099,13.75237418863901,20.5,21.5
2385.0,13.549259719909411,13.751336038617382,8.3583679495453,21.0,0,7.2486639613826185,13.751336038617382,20.5,21.5
2386.0,13.548221541555339,13.750297879215541,8.357281437049645,21.0,0,7.249702120784459,13.750297879215541,20.5,21.5
2387.0,13.547183353534438,13.749259710337743,8.35619444084671,21.0,0,7.250740289662257,13.749259710337743,20.5,21.5
2388.0,13.5461451557519,13.74822153188855,8.355106962408136,21.0,0,7.25177846811145,13.74822153188855,20.5,21.5
2389.0,13.545106948113231,13.747183343772841,8.35401900320621,21.0,0,7.252816656227159,13.747183343772841,20.5,21.5
2390.0,13.54406873052425,13.74614514589581,8.35293056471387,21.0,0,7.2538548541041905,13.74614514589581,20.5,21.5
2391.0,13.543030502891089,13.745106938162959,8.351841648404703,21.0,0,7.254893061837041,13.745106938162959,20.5,21.5
2392.0,13.541992265120191,13.74406872048011,8.350752255752944,21.0,0,7.25593127951989,13.74406872048011,20.5,21.5
2393.0,13.540954017118318,13.743030492753391,8.349662388233474,21.0,0,7.256969507246609,13.743030492753391,20.5,21.5
2394.0,13.539915758792542,13.741992254889254,8.348572047321815,21.0,0,7.258007745110746,13.741992254889254,20.5,21.5
2395.0,13.538877490050249,13.740954006794453,8.347481234494131,21.0,0,7.259045993205547,13.740954006794453,20.5,21.5
2396.0,13.537839210799138,13.739915748376063,8.346389951227225,21.0,0,7.260084251623937,13.739915748376063,20.5,21.5
2397.0,13.536800920947224,13.738877479541468,8.345298198998535,21.0,0,7.261122520458532,13.738877479541468,20.5,21.5
2398.0,13.535762620402833,13.737839200198374,8.344205979286135,21.0,0,7.2621607998016255,13.737839200198374,20.5,21.5
2399.0,13.53472430907461,13.73680091025479,8.343113293568734,21.0,0,7.263199089745211,13.73680091025479,20.5,21.5
2400.0,13.53368598687151,13.73576260961904,8.34202014332567,21.0,0,7.264237390380959,13.73576260961904,20.5,21.5
2401.0,13.5326476537028,13.734724298199774,8.340926530036906,21.0,0,7.265275701800226,13.734724298199774,20.5,21.5
2402.0,13.531609309478066,13.733685975905942,8.339832455183041,21.0,0,7.266314024094058,13.733685975905942,20.5,21.5
2403.0,13.530570954107207,13.732647642646816,8.338737920245292,21.0,0,7.267352357353184,13.732647642646816,20.5,21.5
2404.0,13.529532587500434,13.73160929833198,8.337642926705499,21.0,0,7.26839070166802,13.73160929833198,20.5,21.5
2405.0,13.528494209568274,13.730570942871333,8.336547476046126,21.0,0,7.269429057128667,13.730570942871333,20.5,21.5
2406.0,13.52745582022157,13.729532576175085,8.335451569750255,21.0,0,7.270467423824915,13.729532576175085,20.5,21.5
2407.0,13.526417419371477,13.728494198153768,8.334355209301583,21.0,0,7.2715058018462315,13.728494198153768,20.5,21.5
2408.0,13.525379006929462,13.727455808718219,8.333258396184425,21.0,0,7.272544191281781,13.727455808718219,20.5,21.5
2409.0,13.524340582807314,13.726417407779596,8.332161131883703,21.0,0,7.273582592220404,13.726417407779596,20.5,21.5
2410.0,13.523302146917128,13.725378995249368,8.331063417884959,21.0,0,7.274621004750632,13.725378995249368,20.5,21.5
2411.0,13.522263699171322,13.72434057103932,8.329965255674335,21.0,0,7.2756594289606795,13.72434057103932,20.5,21.5
2412.0,13.521225239482623,13.72330213506155,8.328866646738584,21.0,0,7.27669786493845,13.72330213506155,20.5,21.5
2413.0,13.520186767764075,13.722263687228473,8.327767592565063,21.0,0,7.277736312771527,13.722263687228473,20.5,21.5
2414.0,13.519148283929036,13.721225227452816,8.326668094641734,21.0,0,7.278774772547184,13.721225227452816,20.5,21.5
2415.0,13.518109787891179,13.720186755647626,8.325568154457157,21.0,0,7.279813244352374,13.720186755647626,20.5,21.5
2416.0,13.517071279564492,13.71914827172626,8.32446777350049,21.0,0,7.28085172827374,13.71914827172626,20.5,21.5
2417.0,13.516032758863279,13.718109775602391,8.323366953261491,21.0,0,7.281890224397609,13.718109775602391,20.5,21.5
2418.0,13.514994225702159,13.717071267190008,8.322265695230511,21.0,0,7.282928732809992,13.717071267190008,20.5,21.5
2419.0,13.513955679996064,13.716032746403414,8.321164000898493,21.0,0,7.283967253596586,13.716032746403414,20.5,21.5
2420.0,13.512917121660244,13.714994213157226,8.320061871756971,21.0,0,7.285005786842774,13.714994213157226,20.5,21.5
2421.0,13.511878550610264,13.713955667366381,8.31895930929807,21.0,0,7.286044332633619,13.713955667366381,20.5,21.5
2422.0,13.510839966762003,13.712917108946126,8.317856315014499,21.0,0,7.287082891053874,13.712917108946126,20.5,21.5
2423.0,13.509801370031653,13.711878537812026,8.31675289039955,21.0,0,7.2881214621879735,13.711878537812026,20.5,21.5
2424.0,13.508762760335726,13.71083995387996,8.315649036947102,21.0,0,7.28916004612004,13.71083995387996,20.5,21.5
2425.0,13.507724137591048,13.709801357066121,8.314544756151614,21.0,0,7.290198642933879,13.709801357066121,20.5,21.5
2426.0,13.50668550171476,13.70876274728702,8.31344004950812,21.0,0,7.29123725271298,13.70876274728702,20.5,21.5
2427.0,13.505646852624318,13.70772412445948,8.312334918512233,21.0,0,7.29227587554052,13.70772412445948,20.5,21.5
2428.0,13.504608190237496,13.706685488500648,8.31122936466014,21.0,0,7.293314511499352,13.706685488500648,20.5,21.5
2429.0,13.50356951447238,13.705646839327978,8.310123389448602,21.0,0,7.294353160672022,13.705646839327978,20.5,21.5
2430.0,13.502530825247375,13.704608176859244,8.309016994374948,21.0,0,7.295391823140756,13.704608176859244,20.5,21.5
2431.0,13.5014921224812,13.703569501012533,8.307910180937077,21.0,0,7.296430498987467,13.703569501012533,20.5,21.5
2432.0,13.500453406092891,13.702530811706248,8.306802950633452,21.0,0,7.297469188293752,13.702530811706248,20.5,21.5
2433.0,13.4994146760018,13.701492108859108,8.305695304963105,21.0,0,7.298507891140892,13.701492108859108,20.5,21.5
2434.0,13.498375932127592,13.70045339239015,8.304587245425628,21.0,0,7.29954660760985,13.70045339239015,20.5,21.5
2435.0,13.497337174390251,13.699414662218725,8.30347877352117,21.0,0,7.300585337781275,13.699414662218725,20.5,21.5
2436.0,13.496298402710078,13.698375918264503,8.302369890750445,21.0,0,7.301624081735497,13.698375918264503,20.5,21.5
2437.0,13.495259617007687,13.69733716044746,8.301260598614716,21.0,0,7.302662839552539,13.69733716044746,20.5,21.5
2438.0,13.494220817204008,13.696298388687904,8.300150898615806,21.0,0,7.303701611312096,13.696298388687904,20.5,21.5
2439.0,13.49318200322029,13.695259602906443,8.299040792256086,21.0,0,7.304740397093557,13.695259602906443,20.5,21.5
2440.0,13.492143174978098,13.694220803024013,8.297930281038482,21.0,0,7.305779196975987,13.694220803024013,20.5,21.5
2441.0,13.49110433239931,13.693181988961857,8.296819366466464,21.0,0,7.306818011038143,13.693181988961857,20.5,21.5
2442.0,13.490065475406123,13.692143160641546,8.295708050044047,21.0,0,7.307856839358454,13.692143160641546,20.5,21.5
2443.0,13.489026603921051,13.691104317984955,8.294596333275795,21.0,0,7.308895682015045,13.691104317984955,20.5,21.5
2444.0,13.487987717866922,13.69006546091428,8.29348421766681,21.0,0,7.30993453908572,13.69006546091428,20.5,21.5
2445.0,13.486948817166882,13.689026589352036,8.292371704722736,21.0,0,7.310973410647964,13.689026589352036,20.5,21.5
2446.0,13.485909901744392,13.687987703221054,8.291258795949755,21.0,0,7.312012296778946,13.687987703221054,20.5,21.5
2447.0,13.484870971523234,13.686948802444476,8.290145492854583,21.0,0,7.313051197555524,13.686948802444476,20.5,21.5
2448.0,13.4838320264275,13.685909886945765,8.289031796944471,21.0,0,7.314090113054235,13.685909886945765,20.5,21.5
2449.0,13.482793066381603,13.684870956648703,8.287917709727203,21.0,0,7.3151290433512965,13.684870956648703,20.5,21.5
2450.0,13.481754091310272,13.683832011477381,8.28680323271109,21.0,0,7.3161679885226185,13.683832011477381,20.5,21.5
2451.0,13.480715101138552,13.68279305135621,8.285688367404973,21.0,0,7.31720694864379,13.68279305135621,20.5,21.5
2452.0,13.479676095791804,13.681754076209923,8.284573115318219,21.0,0,7.3182459237900765,13.681754076209923,20.5,21.5
2453.0,13.47863707519571,13.680715085963566,8.283457477960717,21.0,0,7.319284914036434,13.680715085963566,20.5,21.5
2454.0,13.477598039276263,13.679676080542498,8.282341456842877,21.0,0,7.320323919457502,13.679676080542498,20.5,21.5
2455.0,13.476558987959775,13.6786370598724,8.28122505347563,21.0,0,7.3213629401275995,13.6786370598724,20.5,21.5
2456.0,13.475519921172879,13.677598023879266,8.280108269370427,21.0,0,7.322401976120734,13.677598023879266,20.5,21.5
2457.0,13.474480838842519,13.676558972489408,8.27899110603923,21.0,0,7.323441027510592,13.676558972489408,20.5,21.5
2458.0,13.473441740895957,13.675519905629457,8.277873564994515,21.0,0,7.324480094370543,13.675519905629457,20.5,21.5
2459.0,13.472402627260777,13.67448082322636,8.276755647749273,21.0,0,7.325519176773639,13.67448082322636,20.5,21.5
2460.0,13.471363497864875,13.673441725207379,8.275637355816999,21.0,0,7.326558274792621,13.673441725207379,20.5,21.5
2461.0,13.470324352636466,13.672402611500099,8.274518690711702,21.0,0,7.3275973884999015,13.672402611500099,20.5,21.5
2462.0,13.469285191504081,13.671363482032413,8.273399653947887,21.0,0,7.3286365179675865,13.671363482032413,20.5,21.5
2463.0,13.46824601439657,13.670324336732538,8.272280247040575,21.0,0,7.329675663267462,13.670324336732538,20.5,21.5
2464.0,13.4672068212431,13.669285175529001,8.271160471505274,21.0,0,7.3307148244709985,13.669285175529001,20.5,21.5
2465.0,13.466167611973152,13.668245998350656,8.270040328858,21.0,0,7.331754001649344,13.668245998350656,20.5,21.5
2466.0,13.465128386516529,13.667206805126668,8.268919820615265,21.0,0,7.332793194873332,13.667206805126668,20.5,21.5
2467.0,13.46408914480335,13.666167595786522,8.267798948294075,21.0,0,7.333832404213478,13.666167595786522,20.5,21.5
2468.0,13.463049886764047,13.665128370260016,8.266677713411926,21.0,0,7.334871629739984,13.665128370260016,20.5,21.5
2469.0,13.462010612329376,13.664089128477269,8.26555611748681,21.0,0,7.3359108715227315,13.664089128477269,20.5,21.5
2470.0,13.460971321430407,13.66304987036872,8.264434162037203,21.0,0,7.33695012963128,13.66304987036872,20.5,21.5
2471.0,13.459932013998527,13.662010595865121,8.26331184858207,21.0,0,7.337989404134879,13.662010595865121,20.5,21.5
2472.0,13.458892689965444,13.660971304897538,8.262189178640865,21.0,0,7.339028695102462,13.660971304897538,20.5,21.5
2473.0,13.457853349263178,13.659931997397365,8.261066153733516,21.0,0,7.340068002602635,13.659931997397365,20.5,21.5
2474.0,13.456813991824072,13.658892673296304,8.259942775380438,21.0,0,7.341107326703696,13.658892673296304,20.5,21.5
2475.0,13.455774617580783,13.657853332526381,8.258819045102522,21.0,0,7.342146667473619,13.657853332526381,20.5,21.5
2476.0,13.454735226466287,13.656813975019933,8.257694964421134,21.0,0,7.343186024980067,13.656813975019933,20.5,21.5
2477.0,13.453695818413879,13.65577460070962,8.256570534858119,21.0,0,7.34422539929038,13.65577460070962,20.5,21.5
2478.0,13.452656393357168,13.654735209528416,8.25544575793579,21.0,0,7.3452647904715835,13.654735209528416,20.5,21.5
2479.0,13.451616951230084,13.65369580140962,8.254320635176935,21.0,0,7.34630419859038,13.65369580140962,20.5,21.5
2480.0,13.450577491966873,13.652656376286837,8.253195168104803,21.0,0,7.347343623713163,13.652656376286837,20.5,21.5
2481.0,13.449538015502101,13.651616934094,8.252069358243114,21.0,0,7.348383065906001,13.651616934094,20.5,21.5
2482.0,13.448498521770649,13.650577474765353,8.250943207116054,21.0,0,7.3494225252346475,13.650577474765353,20.5,21.5
2483.0,13.447459010707718,13.649537998235465,8.249816716248265,21.0,0,7.3504620017645355,13.649537998235465,20.5,21.5
2484.0,13.446419482248826,13.648498504439214,8.248689887164854,21.0,0,7.351501495560786,13.648498504439214,20.5,21.5
2485.0,13.44537993632981,13.647458993311801,8.247562721391386,21.0,0,7.352541006688199,13.647458993311801,20.5,21.5
2486.0,13.444340372886822,13.646419464788744,8.246435220453877,21.0,0,7.353580535211256,13.646419464788744,20.5,21.5
2487.0,13.443300791856336,13.645379918805881,8.245307385878803,21.0,0,7.354620081194119,13.645379918805881,20.5,21.5
2488.0,13.44226119317514,13.644340355299367,8.244179219193086,21.0,0,7.3556596447006335,13.644340355299367,20.5,21.5
2489.0,13.441221576780343,13.643300774205667,8.2430507219241,21.0,0,7.356699225794333,13.643300774205667,20.5,21.5
2490.0,13.440181942609373,13.64226117546158,8.241921895599669,21.0,0,7.357738824538419,13.64226117546158,20.5,21.5
2491.0,13.439142290599971,13.641221559004212,8.240792741748056,21.0,0,7.358778440995788,13.641221559004212,20.5,21.5
2492.0,13.4381026206902,13.640181924770985,8.239663261897977,21.0,0,7.359818075229015,13.640181924770985,20.5,21.5
2493.0,13.437062932818442,13.639142272699644,8.238533457578582,21.0,0,7.360857727300356,13.639142272699644,20.5,21.5
2494.0,13.436023226923394,13.638102602728257,8.23740333031946,21.0,0,7.361897397271743,13.638102602728257,20.5,21.5
2495.0,13.434983502944073,13.637062914795195,8.236272881650642,21.0,0,7.3629370852048055,13.637062914795195,20.5,21.5
2496.0,13.433943760819814,13.636023208839163,8.23514211310259,21.0,0,7.363976791160837,13.636023208839163,20.5,21.5
2497.0,13.43290400049027,13.634983484799175,8.234011026206202,21.0,0,7.365016515200825,13.634983484799175,20.5,21.5
2498.0,13.431864221895413,13.633943742614571,8.232879622492806,21.0,0,7.366056257385429,13.633943742614571,20.5,21.5
2499.0,13.430824424975533,13.632903982224997,8.231747903494158,21.0,0,7.367096017775003,13.632903982224997,20.5,21.5
2500.0,13.429784609671238,13.63186420357043,8.23061587074244,21.0,0,7.36813579642957,13.63186420357043,20.5,21.5
2501.0,13.428744775923452,13.630824406591156,8.229483525770263,21.0,0,7.369175593408844,13.630824406591156,20.5,21.5
2502.0,13.42770492367342,13.629784591227786,8.228350870110656,21.0,0,7.370215408772214,13.629784591227786,20.5,21.5
2503.0,13.426665052862708,13.628744757421245,8.22721790529707,21.0,0,7.371255242578755,13.628744757421245,20.5,21.5
2504.0,13.425625163433194,13.627704905112779,8.22608463286338,21.0,0,7.372295094887221,13.627704905112779,20.5,21.5
2505.0,13.42458525532708,13.626665034243947,8.224951054343865,21.0,0,7.373334965756053,13.626665034243947,20.5,21.5
2506.0,13.423545328486885,13.625625144756635,8.22381717127323,21.0,0,7.3743748552433654,13.625625144756635,20.5,21.5
2507.0,13.422505382855443,13.624585236593038,8.22268298518659,21.0,0,7.375414763406962,13.624585236593038,20.5,21.5
2508.0,13.42146541837591,13.623545309695677,8.221548497619468,21.0,0,7.376454690304323,13.623545309695677,20.5,21.5
2509.0,13.420425434991758,13.62250536400739,8.220413710107792,21.0,0,7.37749463599261,13.62250536400739,20.5,21.5
2510.0,13.41938543264678,13.62146539947133,8.219278624187904,21.0,0,7.3785346005286705,13.62146539947133,20.5,21.5
2511.0,13.418345411285088,13.620425416030972,8.218143241396543,21.0,0,7.379574583969028,13.620425416030972,20.5,21.5
2512.0,13.41730537085111,13.619385413630107,8.217007563270855,21.0,0,7.380614586369893,13.619385413630107,20.5,21.5
2513.0,13.416265311289594,13.618345392212845,8.21587159134838,21.0,0,7.381654607787155,13.618345392212845,20.5,21.5
2514.0,13.415225232545605,13.617305351723612,8.214735327167062,21.0,0,7.382694648276388,13.617305351723612,20.5,21.5
2515.0,13.41418513456453,13.616265292107162,8.21359877226524,21.0,0,7.383734707892838,13.616265292107162,20.5,21.5
2516.0,13.41314501729207,13.615225213308557,8.212461928181641,21.0,0,7.384774786691443,13.615225213308557,20.5,21.5
2517.0,13.412104880674248,13.614185115273184,8.211324796455388,21.0,0,7.385814884726816,13.614185115273184,20.5,21.5
2518.0,13.411064724657404,13.613144997946744,8.210187378625994,21.0,0,7.386855002053256,13.613144997946744,20.5,21.5
2519.0,13.410024549188197,13.612104861275265,8.209049676233356,21.0,0,7.387895138724735,13.612104861275265,20.5,21.5
2520.0,13.408984354213606,13.61106470520508,8.20791169081776,21.0,0,7.388935294794919,13.61106470520508,20.5,21.5
2521.0,13.407944139680927,13.610024529682851,8.206773423919872,21.0,0,7.3899754703171485,13.610024529682851,20.5,21.5
2522.0,13.406903905537774,13.608984334655556,8.205634877080739,21.0,0,7.391015665344444,13.608984334655556,20.5,21.5
2523.0,13.405863651732083,13.607944120070494,8.20449605184179,21.0,0,7.392055879929506,13.607944120070494,20.5,21.5
2524.0,13.404823378212106,13.606903885875274,8.20335694974483,21.0,0,7.393096114124726,13.606903885875274,20.5,21.5
2525.0,13.403783084926411,13.605863632017835,8.202217572332039,21.0,0,7.394136367982165,13.605863632017835,20.5,21.5
2526.0,13.402742771823892,13.604823358446428,8.201077921145965,21.0,0,7.395176641553572,13.604823358446428,20.5,21.5
2527.0,13.401702438853757,13.603783065109624,8.199937997729533,21.0,0,7.396216934890376,13.603783065109624,20.5,21.5
2528.0,13.400662085965532,13.602742751956317,8.198797803626034,21.0,0,7.397257248043683,13.602742751956317,20.5,21.5
2529.0,13.399621713109065,13.601702418935707,8.197657340379127,21.0,0,7.398297581064293,13.601702418935707,20.5,21.5
2530.0,13.398581320234518,13.60066206599733,8.19651660953283,21.0,0,7.39933793400267,13.60066206599733,20.5,21.5
2531.0,13.397540907292377,13.599621693091024,8.19537561263153,21.0,0,7.400378306908976,13.599621693091024,20.5,21.5
2532.0,13.396500474233445,13.59858130016696,8.194234351219972,21.0,0,7.401418699833039,13.59858130016696,20.5,21.5
2533.0,13.395460021008843,13.597540887175626,8.193092826843257,21.0,0,7.402459112824374,13.597540887175626,20.5,21.5
2534.0,13.39441954757001,13.596500454067817,8.191951041046844,21.0,0,7.403499545932183,13.596500454067817,20.5,21.5
2535.0,13.393379053868705,13.595460000794654,8.190808995376544,21.0,0,7.404539999205346,13.595460000794654,20.5,21.5
2536.0,13.392338539857006,13.594419527307583,8.189666691378525,21.0,0,7.405580472692417,13.594419527307583,20.5,21.5
2537.0,13.391298005487311,13.593379033558358,8.188524130599298,21.0,0,7.406620966441642,13.593379033558358,20.5,21.5
2538.0,13.390257450712333,13.592338519499055,8.187381314585725,21.0,0,7.407661480500945,13.592338519499055,20.5,21.5
2539.0,13.389216875485108,13.591297985082074,8.186238244885013,21.0,0,7.408702014917926,13.591297985082074,20.5,21.5
2540.0,13.388176279758987,13.59025743026013,8.185094923044716,21.0,0,7.409742569739871,13.59025743026013,20.5,21.5
2541.0,13.387135663487644,13.589216854986256,8.18395135061272,21.0,0,7.410783145013744,13.589216854986256,20.5,21.5
2542.0,13.38609502662507,13.58817625921381,8.18280752913726,21.0,0,7.41182374078619,13.58817625921381,20.5,21.5
2543.0,13.385054369125571,13.58713564289646,8.181663460166908,21.0,0,7.41286435710354,13.58713564289646,20.5,21.5
2544.0,13.38401369094378,13.586095005988193,8.18051914525056,21.0,0,7.413904994011807,13.586095005988193,20.5,21.5
2545.0,13.382972992034642,13.585054348443325,8.179374585937458,21.0,0,7.414945651556675,13.585054348443325,20.5,21.5
2546.0,13.381932272353422,13.584013670216482,8.178229783777166,21.0,0,7.415986329783518,13.584013670216482,20.5,21.5
2547.0,13.380891531855708,13.58297297126261,8.177084740319584,21.0,0,7.41702702873739,13.58297297126261,20.5,21.5
2548.0,13.3798507704974,13.581932251536974,8.17593945711493,21.0,0,7.4180677484630255,13.581932251536974,20.5,21.5
2549.0,13.378809988234725,13.580891510995164,8.174793935713756,21.0,0,7.419108489004836,13.580891510995164,20.5,21.5
2550.0,13.37776918502422,13.579850749593081,8.17364817766693,21.0,0,7.420149250406919,13.579850749593081,20.5,21.5
2551.0,13.37672836082275,13.578809967286944,8.172502184525642,21.0,0,7.421190032713056,13.578809967286944,20.5,21.5
2552.0,13.37568751558749,13.577769164033299,8.171355957841401,21.0,0,7.422230835966701,13.577769164033299,20.5,21.5
2553.0,13.374646649275942,13.576728339789005,8.170209499166033,21.0,0,7.423271660210995,13.576728339789005,20.5,21.5
2554.0,13.37360576184592,13.575687494511243,8.169062810051674,21.0,0,7.424312505488757,13.575687494511243,20.5,21.5
2555.0,13.372564853255561,13.57464662815751,8.167915892050777,21.0,0,7.4253533718424904,13.57464662815751,20.5,21.5
2556.0,13.37152392346332,13.573605740685622,8.166768746716103,21.0,0,7.426394259314378,13.573605740685622,20.5,21.5
2557.0,13.37048297242797,13.572564832053718,8.165621375600718,21.0,0,7.427435167946282,13.572564832053718,20.5,21.5
2558.0,13.369442000108604,13.571523902220253,8.164473780258,21.0,0,7.428476097779747,13.571523902220253,20.5,21.5
2559.0,13.368401006464634,13.570482951143992,8.163325962241622,21.0,0,7.429517048856008,13.570482951143992,20.5,21.5
2560.0,13.367359991455789,13.569441978784038,8.162177923105567,21.0,0,7.430558021215962,13.569441978784038,20.5,21.5
2561.0,13.36631895504212,13.5684009850998,8.161029664404113,21.0,0,7.4315990149002005,13.5684009850998,20.5,21.5
2562.0,13.365277897183992,13.567359970051005,8.159881187691836,21.0,0,7.432640029948995,13.567359970051005,20.5,21.5
2563.0,13.364236817842093,13.5663189335977,8.158732494523605,21.0,0,7.4336810664023005,13.5663189335977,20.5,21.5
2564.0,13.36319571697743,13.565277875700257,8.157583586454583,21.0,0,7.434722124299743,13.565277875700257,20.5,21.5
2565.0,13.362154594551326,13.564236796319367,8.156434465040231,21.0,0,7.435763203680633,13.564236796319367,20.5,21.5
2566.0,13.361113450525423,13.563195695416027,8.155285131836287,21.0,0,7.436804304583973,13.563195695416027,20.5,21.5
2567.0,13.360072284861685,13.562154572951567,8.154135588398786,21.0,0,7.437845427048433,13.562154572951567,20.5,21.5
2568.0,13.359031097522392,13.561113428887628,8.152985836284039,21.0,0,7.438886571112372,13.561113428887628,20.5,21.5
2569.0,13.357989888470144,13.560072263186171,8.151835877048645,21.0,0,7.439927736813829,13.560072263186171,20.5,21.5
2570.0,13.356948657667859,13.559031075809477,8.150685712249484,21.0,0,7.440968924190523,13.559031075809477,20.5,21.5
2571.0,13.355907405078776,13.557989866720145,8.14953534344371,21.0,0,7.4420101332798545,13.557989866720145,20.5,21.5
2572.0,13.35486613066645,13.556948635881099,8.148384772188757,21.0,0,7.443051364118901,13.556948635881099,20.5,21.5
2573.0,13.353824834394754,13.555907383255573,8.147234000042332,21.0,0,7.4440926167444275,13.555907383255573,20.5,21.5
2574.0,13.352783516227882,13.554866108807119,8.146083028562412,21.0,0,7.4451338911928815,13.554866108807119,20.5,21.5
2575.0,13.35174217613035,13.553824812499617,8.144931859307247,21.0,0,7.446175187500383,13.553824812499617,20.5,21.5
2576.0,13.350700814066984,13.552783494297259,8.143780493835353,21.0,0,7.447216505702741,13.552783494297259,20.5,21.5
2577.0,13.349659430002937,13.551742154164554,8.142628933705511,21.0,0,7.448257845835446,13.551742154164554,20.5,21.5
2578.0,13.348618023903677,13.55070079206634,8.14147718047677,21.0,0,7.4492992079336595,13.55070079206634,20.5,21.5
2579.0,13.347576595734992,13.549659407967763,8.140325235708431,21.0,0,7.450340592032237,13.549659407967763,20.5,21.5
2580.0,13.346535145462987,13.54861800183429,8.139173100960065,21.0,0,7.45138199816571,13.54861800183429,20.5,21.5
2581.0,13.345493673054087,13.54757657363171,8.138020777791494,21.0,0,7.45242342636829,13.54757657363171,20.5,21.5
2582.0,13.344452178475034,13.546535123326132,8.136868267762797,21.0,0,7.453464876673868,13.546535123326132,20.5,21.5
2583.0,13.343410661692891,13.545493650883975,8.135715572434304,21.0,0,7.454506349116025,13.545493650883975,20.5,21.5
2584.0,13.34236912267504,13.544452156271984,8.134562693366599,21.0,0,7.4555478437280165,13.544452156271984,20.5,21.5
2585.0,13.341327561389178,13.543410639457225,8.133409632120513,21.0,0,7.456589360542775,13.543410639457225,20.5,21.5
2586.0,13.340285977803324,13.542369100407072,8.132256390257123,21.0,0,7.457630899592928,13.542369100407072,20.5,21.5
2587.0,13.339244371885815,13.54132753908923,8.131102969337752,21.0,0,7.458672460910771,13.54132753908923,20.5,21.5
2588.0,13.338202743605306,13.540285955471713,8.129949370923963,21.0,0,7.459714044528287,13.540285955471713,20.5,21.5
2589.0,13.33716109293077,13.53924434952286,8.128795596577563,21.0,0,7.4607556504771395,13.53924434952286,20.5,21.5
2590.0,13.3361194198315,13.538202721211324,8.127641647860594,21.0,0,7.461797278788676,13.538202721211324,20.5,21.5
2591.0,13.335077724277106,13.537161070506079,8.126487526335337,21.0,0,7.4628389294939215,13.537161070506079,20.5,21.5
2592.0,13.334036006237518,13.53611939737642,8.125333233564305,21.0,0,7.463880602623581,13.53611939737642,20.5,21.5
2593.0,13.332994265682984,13.535077701791954,8.124178771110241,21.0,0,7.464922298208046,13.535077701791954,20.5,21.5
2594.0,13.33195250258407,13.534035983722612,8.12302414053612,21.0,0,7.465964016277388,13.534035983722612,20.5,21.5
2595.0,13.33091071691166,13.532994243138646,8.121869343405148,21.0,0,7.467005756861354,13.532994243138646,20.5,21.5
2596.0,13.329868908636959,13.531952480010617,8.120714381280749,21.0,0,7.468047519989383,13.531952480010617,20.5,21.5
2597.0,13.328827077731487,13.530910694309412,8.119559255726575,21.0,0,7.469089305690588,13.530910694309412,20.5,21.5
2598.0,13.327785224167087,13.529868886006232,8.1184039683065,21.0,0,7.470131113993768,13.529868886006232,20.5,21.5
2599.0,13.326743347915915,13.5288270550726,8.117248520584617,21.0,0,7.4711729449274,13.5288270550726,20.5,21.5
2600.0,13.325701448950449,13.527785201480356,8.11609291412523,21.0,0,7.472214798519644,13.527785201480356,20.5,21.5
2601.0,13.324659527243483,13.526743325201661,8.114937150492867,21.0,0,7.473256674798339,13.526743325201661,20.5,21.5
2602.0,13.323617582768133,13.525701426208988,8.113781231252261,21.0,0,7.474298573791012,13.525701426208988,20.5,21.5
2603.0,13.32257561549783,13.524659504475135,8.112625157968363,21.0,0,7.475340495524865,13.524659504475135,20.5,21.5
2604.0,13.321533625406323,13.523617559973218,8.111468932206325,21.0,0,7.476382440026782,13.523617559973218,20.5,21.5
2605.0,13.320491612467682,13.522575592676665,8.110312555531513,21.0,0,7.477424407323335,13.522575592676665,20.5,21.5
2606.0,13.319449576656295,13.521533602559227,8.109156029509489,21.0,0,7.478466397440773,13.521533602559227,20.5,21.5
2607.0,13.318407517946865,13.520491589594974,8.107999355706022,21.0,0,7.4795084104050265,13.520491589594974,20.5,21.5
2608.0,13.317365436314416,13.519449553758292,8.106842535687086,21.0,0,7.480550446241708,13.519449553758292,20.5,21.5
2609.0,13.31632333173429,13.518407495023885,8.105685571018842,21.0,0,7.481592504976115,13.518407495023885,20.5,21.5
2610.0,13.315281204182147,13.517365413366779,8.104528463267654,21.0,0,7.482634586633221,13.517365413366779,20.5,21.5
2611.0,13.314239053633964,13.51632330876231,8.103371214000077,21.0,0,7.48367669123769,13.51632330876231,20.5,21.5
2612.0,13.313196880066037,13.515281181186143,8.102213824782863,21.0,0,7.484718818813857,13.515281181186143,20.5,21.5
2613.0,13.312154683454981,13.514239030614254,8.101056297182947,21.0,0,7.485760969385746,13.514239030614254,20.5,21.5
2614.0,13.311112463777727,13.513196857022942,8.099898632767452,21.0,0,7.486803142977058,13.513196857022942,20.5,21.5
2615.0,13.310070221011525,13.51215466038882,8.098740833103689,21.0,0,7.48784533961118,13.51215466038882,20.5,21.5
2616.0,13.309027955133944,13.511112440688816,8.09758289975915,21.0,0,7.488887559311184,13.511112440688816,20.5,21.5
2617.0,13.30798566612287,13.510070197900182,8.096424834301509,21.0,0,7.489929802099818,13.510070197900182,20.5,21.5
2618.0,13.306943353956505,13.509027932000487,8.095266638298622,21.0,0,7.490972067999513,13.509027932000487,20.5,21.5
2619.0,13.305901018613374,13.507985642967617,8.094108313318515,21.0,0,7.492014357032383,13.507985642967617,20.5,21.5
2620.0,13.304858660072316,13.506943330779773,8.092949860929393,21.0,0,7.493056669220227,13.506943330779773,20.5,21.5
2621.0,13.303816278312487,13.505900995415482,8.091791282699631,21.0,0,7.494099004584518,13.505900995415482,20.5,21.5
2622.0,13.302773873313365,13.50485863685358,8.09063258019778,21.0,0,7.49514136314642,13.50485863685358,20.5,21.5
2623.0,13.301731445054742,13.503816255073229,8.089473754992552,21.0,0,7.496183744926771,13.503816255073229,20.5,21.5
2624.0,13.30068899351673,13.502773850053902,8.08831480865283,21.0,0,7.497226149946098,13.502773850053902,20.5,21.5
2625.0,13.299646518679756,13.50173142177539,8.087155742747658,21.0,0,7.498268578224611,13.50173142177539,20.5,21.5
2626.0,13.29860402052457,13.500688970217805,8.085996558846244,21.0,0,7.499311029782195,13.500688970217805,20.5,21.5
2627.0,13.297561499032234,13.49964649536158,8.084837258517956,21.0,0,7.50035350463842,13.49964649536158,20.5,21.5
2628.0,13.296518954184132,13.498603997187455,8.083677843332316,21.0,0,7.501396002812545,13.498603997187455,20.5,21.5
2629.0,13.295476385961962,13.497561475676502,8.082518314859007,21.0,0,7.502438524323498,13.497561475676502,20.5,21.5
2630.0,13.294433794347741,13.496518930810101,8.08135867466786,21.0,0,7.503481069189899,13.496518930810101,20.5,21.5
2631.0,13.293391179323805,13.49547636256995,8.080198924328858,21.0,0,7.504523637430051,13.49547636256995,20.5,21.5
2632.0,13.292348540872807,13.494433770938064,8.079039065412141,21.0,0,7.505566229061936,13.494433770938064,20.5,21.5
2633.0,13.291305878977715,13.493391155896783,8.077879099487985,21.0,0,7.5066088441032175,13.493391155896783,20.5,21.5
2634.0,13.290263193621817,13.492348517428752,8.076719028126819,21.0,0,7.507651482571248,13.492348517428752,20.5,21.5
2635.0,13.289220484788718,13.491305855516947,8.075558852899208,21.0,0,7.508694144483053,13.491305855516947,20.5,21.5
2636.0,13.28817775246234,13.490263170144653,8.074398575375863,21.0,0,7.509736829855347,13.490263170144653,20.5,21.5
2637.0,13.287134996626923,13.489220461295474,8.073238197127631,21.0,0,7.510779538704526,13.489220461295474,20.5,21.5
2638.0,13.286092217267024,13.488177728953337,8.072077719725497,21.0,0,7.511822271046663,13.488177728953337,20.5,21.5
2639.0,13.285049414367515,13.487134973102476,8.070917144740578,21.0,0,7.512865026897524,13.487134973102476,20.5,21.5
2640.0,13.28400658791359,13.48609219372745,8.069756473744125,21.0,0,7.513907806272551,13.48609219372745,20.5,21.5
2641.0,13.282963737890755,13.485049390813135,8.068595708307518,21.0,0,7.514950609186865,13.485049390813135,20.5,21.5
2642.0,13.281920864284839,13.484006564344716,8.067434850002265,21.0,0,7.515993435655284,13.484006564344716,20.5,21.5
2643.0,13.280877967081983,13.482963714307706,8.0662739004,21.0,0,7.517036285692294,13.482963714307706,20.5,21.5
2644.0,13.279835046268646,13.481920840687934,8.06511286107248,21.0,0,7.518079159312066,13.481920840687934,20.5,21.5
2645.0,13.278792101831607,13.480877943471537,8.063951733591585,21.0,0,7.519122056528463,13.480877943471537,20.5,21.5
2646.0,13.27774913375796,13.479835022644977,8.062790519529313,21.0,0,7.520164977355023,13.479835022644977,20.5,21.5
2647.0,13.276706142035113,13.478792078195033,8.06162922045778,21.0,0,7.521207921804967,13.478792078195033,20.5,21.5
2648.0,13.275663126650798,13.477749110108798,8.060467837949215,21.0,0,7.522250889891202,13.477749110108798,20.5,21.5
2649.0,13.274620087593057,13.476706118373679,8.059306373575962,21.0,0,7.523293881626321,13.476706118373679,20.5,21.5
2650.0,13.273577024850253,13.47566310297741,8.058144828910475,21.0,0,7.5243368970225895,13.47566310297741,20.5,21.5
2651.0,13.272533938411065,13.47462006390803,8.05698320552532,21.0,0,7.525379936091969,13.47462006390803,20.5,21.5
2652.0,13.271490828264488,13.473577001153908,8.055821504993164,21.0,0,7.526422998846092,13.473577001153908,20.5,21.5
2653.0,13.270447694399834,13.472533914703714,8.054659728886781,21.0,0,7.527466085296286,13.472533914703714,20.5,21.5
2654.0,13.269404536806732,13.471490804546452,8.05349787877905,21.0,0,7.528509195453548,13.471490804546452,20.5,21.5
2655.0,13.268361355475127,13.470447670671424,8.052335956242944,21.0,0,7.529552329328576,13.470447670671424,20.5,21.5
2656.0,13.267318150395282,13.46940451306827,8.05117396285154,21.0,0,7.53059548693173,13.46940451306827,20.5,21.5
2657.0,13.266274921557773,13.468361331726925,8.050011900178008,21.0,0,7.531638668273075,13.468361331726925,20.5,21.5
2658.0,13.265231668953497,13.467318126637656,8.048849769795613,21.0,0,7.532681873362344,13.467318126637656,20.5,21.5
2659.0,13.264188392573665,13.466274897791042,8.047687573277711,21.0,0,7.533725102208958,13.466274897791042,20.5,21.5
2660.0,13.263145092409806,13.465231645177976,8.046525312197748,21.0,0,7.534768354822024,13.465231645177976,20.5,21.5
2661.0,13.262101768453764,13.464188368789673,8.045362988129254,21.0,0,7.535811631210327,13.464188368789673,20.5,21.5
2662.0,13.2610584206977,13.463145068617658,8.044200602645851,21.0,0,7.536854931382342,13.463145068617658,20.5,21.5
2663.0,13.260015049134088,13.462101744653776,8.043038157321238,21.0,0,7.537898255346224,13.462101744653776,20.5,21.5
2664.0,13.258971653755726,13.46105839689019,8.0418756537292,21.0,0,7.53894160310981,13.46105839689019,20.5,21.5
2665.0,13.25792823455572,13.460015025319374,8.040713093443596,21.0,0,7.5399849746806265,13.460015025319374,20.5,21.5
2666.0,13.256884791527497,13.45897162993412,8.039550478038365,21.0,0,7.541028370065879,13.45897162993412,20.5,21.5
2667.0,13.2558413246648,13.457928210727541,8.03838780908752,21.0,0,7.542071789272459,13.457928210727541,20.5,21.5
2668.0,13.254797833961685,13.45688476769306,8.037225088165146,21.0,0,7.54311523230694,13.45688476769306,20.5,21.5
2669.0,13.253754319412526,13.45584130082442,8.036062316845399,21.0,0,7.544158699175579,13.45584130082442,20.5,21.5
2670.0,13.252710781012013,13.454797810115679,8.0348994967025,21.0,0,7.545202189884321,13.454797810115679,20.5,21.5
2671.0,13.25166721875515,13.453754295561207,8.033736629310743,21.0,0,7.5462457044387925,13.453754295561207,20.5,21.5
2672.0,13.25062363263726,13.4527107571557,8.032573716244482,21.0,0,7.5472892428443,13.4527107571557,20.5,21.5
2673.0,13.249580022653982,13.451667194894156,8.03141075907813,21.0,0,7.548332805105844,13.451667194894156,20.5,21.5
2674.0,13.248536388801266,13.450623608771906,8.03024775938616,21.0,0,7.549376391228094,13.450623608771906,20.5,21.5
2675.0,13.247492731075383,13.44957999878458,8.029084718743112,21.0,0,7.55042000121542,13.44957999878458,20.5,21.5
2676.0,13.246449049472917,13.448536364928135,8.02792163872357,21.0,0,7.551463635071865,13.448536364928135,20.5,21.5
2677.0,13.245405343990766,13.447492707198837,8.026758520902176,21.0,0,7.552507292801163,13.447492707198837,20.5,21.5
2678.0,13.244361614626149,13.446449025593271,8.025595366853622,21.0,0,7.553550974406729,13.446449025593271,20.5,21.5
2679.0,13.243317861376594,13.445405320108335,8.024432178152654,21.0,0,7.5545946798916646,13.445405320108335,20.5,21.5
2680.0,13.24227408423995,13.444361590741249,8.023268956374057,21.0,0,7.555638409258751,13.444361590741249,20.5,21.5
2681.0,13.241230283214376,13.443317837489541,8.022105703092667,21.0,0,7.556682162510459,13.443317837489541,20.5,21.5
2682.0,13.240186458298352,13.442274060351059,8.020942419883356,21.0,0,7.557725939648941,13.442274060351059,20.5,21.5
2683.0,13.239142609490669,13.441230259323964,8.019779108321048,21.0,0,7.558769740676036,13.441230259323964,20.5,21.5
2684.0,13.238098736790436,13.440186434406732,8.018615769980693,21.0,0,7.559813565593268,13.440186434406732,20.5,21.5
2685.0,13.237054840197073,13.439142585598157,8.017452406437284,21.0,0,7.560857414401843,13.439142585598157,20.5,21.5
2686.0,13.23601091971032,13.438098712897343,8.016289019265846,21.0,0,7.561901287102657,13.438098712897343,20.5,21.5
2687.0,13.234966975330233,13.437054816303718,8.015125610041437,21.0,0,7.562945183696282,13.437054816303718,20.5,21.5
2688.0,13.233923007057175,13.436010895817017,8.013962180339146,21.0,0,7.563989104182983,13.436010895817017,20.5,21.5
2689.0,13.232879014891832,13.434966951437298,8.012798731734085,21.0,0,7.565033048562702,13.434966951437298,20.5,21.5
2690.0,13.2318349988352,13.433922983164923,8.011635265801397,21.0,0,7.566077016835077,13.433922983164923,20.5,21.5
2691.0,13.230790958888594,13.432878991000575,8.010471784116246,21.0,0,7.567121008999425,13.432878991000575,20.5,21.5
2692.0,13.22974689505364,13.431834974945257,8.009308288253816,21.0,0,7.568165025054743,13.431834974945257,20.5,21.5
2693.0,13.228702807332281,13.43079093500028,8.008144779789315,21.0,0,7.56920906499972,13.43079093500028,20.5,21.5
2694.0,13.227658695726772,13.429746871167271,8.00698126029796,21.0,0,7.570253128832729,13.429746871167271,20.5,21.5
2695.0,13.226614560239687,13.428702783448168,8.005817731354995,21.0,0,7.571297216551832,13.428702783448168,20.5,21.5
2696.0,13.22557040087391,13.427658671845231,8.00465419453566,21.0,0,7.572341328154769,13.427658671845231,20.5,21.5
2697.0,13.224526217632642,13.426614536361033,8.003490651415223,21.0,0,7.573385463638967,13.426614536361033,20.5,21.5
2698.0,13.223482010519398,13.425570376998454,8.00232710356895,21.0,0,7.574429623001546,13.425570376998454,20.5,21.5
2699.0,13.222437779538007,13.424526193760698,8.001163552572116,21.0,0,7.575473806239302,13.424526193760698,20.5,21.5
2700.0,13.221393524692614,13.423481986651286,8.0,21.0,0,7.576518013348714,13.423481986651286,20.5,21.5
2701.0,13.220349245987675,13.42243775567404,7.998836447427885,21.0,0,7.577562244325961,13.42243775567404,20.5,21.5
2702.0,13.219304943427963,13.421393500833101,7.99767289643105,21.0,0,7.578606499166899,13.421393500833101,20.5,21.5
2703.0,13.218260617018563,13.420349222132936,7.996509348584777,21.0,0,7.579650777867064,13.420349222132936,20.5,21.5
2704.0,13.217216266764877,13.419304919578313,7.995345805464338,21.0,0,7.5806950804216875,13.419304919578313,20.5,21.5
2705.0,13.216171892672618,13.418260593174313,7.994182268645006,21.0,0,7.581739406825687,13.418260593174313,20.5,21.5
2706.0,13.215127494747811,13.417216242926338,7.993018739702039,21.0,0,7.582783757073662,13.417216242926338,20.5,21.5
2707.0,13.214083072996802,13.416171868840106,7.991855220210685,21.0,0,7.583828131159894,13.416171868840106,20.5,21.5
2708.0,13.213038627426245,13.415127470921643,7.990691711746184,21.0,0,7.584872529078357,13.415127470921643,20.5,21.5
2709.0,13.21199415804311,13.41408304917729,7.989528215883754,21.0,0,7.5859169508227104,13.41408304917729,20.5,21.5
2710.0,13.210949664854677,13.4130386036137,7.988364734198603,21.0,0,7.5869613963863,13.4130386036137,20.5,21.5
2711.0,13.209905147868547,13.411994134237847,7.987201268265915,21.0,0,7.5880058657621525,13.411994134237847,20.5,21.5
2712.0,13.208860607092626,13.41094964105701,7.986037819660855,21.0,0,7.589050358942989,13.41094964105701,20.5,21.5
2713.0,13.207816042535141,13.40990512407879,7.984874389958563,21.0,0,7.59009487592121,13.40990512407879,20.5,21.5
2714.0,13.206771454204626,13.408860583311093,7.983710980734154,21.0,0,7.5911394166889075,13.408860583311093,20.5,21.5
2715.0,13.205726842109932,13.407816018762144,7.982547593562717,21.0,0,7.592183981237856,13.407816018762144,20.5,21.5
2716.0,13.204682206260223,13.40677143044048,7.981384230019307,21.0,0,7.593228569559519,13.40677143044048,20.5,21.5
2717.0,13.203637546664975,13.40572681835495,7.980220891678953,21.0,0,7.59427318164505,13.40572681835495,20.5,21.5
2718.0,13.202592863333978,13.404682182514716,7.979057580116644,21.0,0,7.5953178174852845,13.404682182514716,20.5,21.5
2719.0,13.201548156277335,13.403637522929255,7.977894296907334,21.0,0,7.596362477070745,13.403637522929255,20.5,21.5
2720.0,13.200503425505461,13.402592839608364,7.976731043625944,21.0,0,7.597407160391636,13.402592839608364,20.5,21.5
2721.0,13.199458671029085,13.401548132562136,7.9755678218473465,21.0,0,7.5984518674378645,13.401548132562136,20.5,21.5
2722.0,13.198413892859248,13.40050340180099,7.974404633146378,21.0,0,7.599496598199011,13.40050340180099,20.5,21.5
2723.0,13.197369091007305,13.399458647335655,7.973241479097826,21.0,0,7.6005413526643455,13.399458647335655,20.5,21.5
2724.0,13.196324265484924,13.398413869177173,7.972078361276431,21.0,0,7.601586130822827,13.398413869177173,20.5,21.5
2725.0,13.195279416304082,13.397369067336896,7.970915281256889,21.0,0,7.602630932663104,13.397369067336896,20.5,21.5
2726.0,13.194234543477073,13.396324241826495,7.969752240613839,21.0,0,7.603675758173505,13.396324241826495,20.5,21.5
2727.0,13.193189647016501,13.395279392657944,7.9685892409218715,21.0,0,7.604720607342056,13.395279392657944,20.5,21.5
2728.0,13.192144726935283,13.39423451984354,7.967426283755519,21.0,0,7.60576548015646,13.39423451984354,20.5,21.5
2729.0,13.191099783246646,13.393189623395884,7.966263370689256,21.0,0,7.606810376604116,13.393189623395884,20.5,21.5
2730.0,13.190054815964134,13.392144703327896,7.965100503297499,21.0,0,7.6078552966721045,13.392144703327896,20.5,21.5
2731.0,13.1890098251016,13.3910997596528,7.963937683154602,21.0,0,7.6089002403472,13.3910997596528,20.5,21.5
2732.0,13.187964810673211,13.390054792384143,7.962774911834854,21.0,0,7.609945207615857,13.390054792384143,20.5,21.5
2733.0,13.186919772693443,13.389009801535774,7.96161219091248,21.0,0,7.610990198464226,13.389009801535774,20.5,21.5
2734.0,13.185874711177087,13.387964787121863,7.960449521961635,21.0,0,7.612035212878137,13.387964787121863,20.5,21.5
2735.0,13.184829626139244,13.386919749156885,7.959286906556405,21.0,0,7.613080250843115,13.386919749156885,20.5,21.5
2736.0,13.183784517595328,13.385874687655633,7.9581243462708,21.0,0,7.614125312344367,13.385874687655633,20.5,21.5
2737.0,13.182739385561062,13.384829602633204,7.956961842678762,21.0,0,7.615170397366796,13.384829602633204,20.5,21.5
2738.0,13.181694230052486,13.383784494105011,7.955799397354149,21.0,0,7.6162155058949885,13.383784494105011,20.5,21.5
2739.0,13.180649051085947,13.382739362086784,7.954637011870746,21.0,0,7.6172606379132155,13.382739362086784,20.5,21.5
2740.0,13.179603848678104,13.381694206594556,7.953474687802253,21.0,0,7.618305793405444,13.381694206594556,20.5,21.5
2741.0,13.178558622845928,13.380649027644676,7.9523124267222896,21.0,0,7.619350972355324,13.380649027644676,20.5,21.5
2742.0,13.177513373606704,13.379603825253804,7.951150230204386,21.0,0,7.620396174746196,13.379603825253804,20.5,21.5
2743.0,13.176468100978024,13.378558599438913,7.949988099821992,21.0,0,7.621441400561087,13.378558599438913,20.5,21.5
2744.0,13.175422804977792,13.377513350217281,7.94882603714846,21.0,0,7.622486649782719,13.377513350217281,20.5,21.5
2745.0,13.174377485624227,13.376468077606507,7.947664043757056,21.0,0,7.623531922393493,13.376468077606507,20.5,21.5
2746.0,13.173332142935854,13.37542278162449,7.946502121220951,21.0,0,7.62457721837551,13.37542278162449,20.5,21.5
2747.0,13.17228677693151,13.37437746228945,7.945340271113219,21.0,0,7.62562253771055,13.37437746228945,20.5,21.5
2748.0,13.171241387630348,13.373332119619914,7.944178495006836,21.0,0,7.6266678803800865,13.373332119619914,20.5,21.5
2749.0,13.170195975051822,13.37228675363472,7.94301679447468,21.0,0,7.62771324636528,13.37228675363472,20.5,21.5
2750.0,13.169150539215707,13.371241364353017,7.941855171089524,21.0,0,7.628758635646983,13.371241364353017,20.5,21.5
2751.0,13.168105080142082,13.370195951794264,7.940693626424038,21.0,0,7.629804048205736,13.370195951794264,20.5,21.5
2752.0,13.167059597851338,13.36915051597823,7.939532162050786,21.0,0,7.63084948402177,13.36915051597823,20.5,21.5
2753.0,13.166014092364177,13.368105056924998,7.938370779542221,21.0,0,7.631894943075002,13.368105056924998,20.5,21.5
2754.0,13.164968563701613,13.367059574654956,7.9372094804706865,21.0,0,7.632940425345044,13.367059574654956,20.5,21.5
2755.0,13.163923011884966,13.366014069188807,7.936048266408414,21.0,0,7.633985930811193,13.366014069188807,20.5,21.5
2756.0,13.16287743693587,13.364968540547565,7.93488713892752,21.0,0,7.635031459452435,13.364968540547565,20.5,21.5
2757.0,13.16183183887627,13.363922988752552,7.9337260996,21.0,0,7.636077011247448,13.363922988752552,20.5,21.5
2758.0,13.160786217728415,13.362877413825398,7.932565149997735,21.0,0,7.637122586174602,13.362877413825398,20.5,21.5
2759.0,13.159740573514869,13.361831815788051,7.931404291692482,21.0,0,7.638168184211949,13.361831815788051,20.5,21.5
2760.0,13.158694906258503,13.36078619466276,7.930243526255874,21.0,0,7.63921380533724,13.36078619466276,20.5,21.5
2761.0,13.157649215982502,13.359740550472086,7.929082855259422,21.0,0,7.640259449527914,13.359740550472086,20.5,21.5
2762.0,13.156603502710357,13.358694883238902,7.927922280274503,21.0,0,7.641305116761098,13.358694883238902,20.5,21.5
2763.0,13.15555776646587,13.357649192986392,7.9267618028723685,21.0,0,7.642350807013608,13.357649192986392,20.5,21.5
2764.0,13.154512007273151,13.35660347973805,7.925601424624137,21.0,0,7.64339652026195,13.35660347973805,20.5,21.5
2765.0,13.153466225156622,13.355557743517673,7.924441147100792,21.0,0,7.644442256482327,13.355557743517673,20.5,21.5
2766.0,13.152420420141011,13.354511984349376,7.923280971873181,21.0,0,7.645488015650624,13.354511984349376,20.5,21.5
2767.0,13.151374592251358,13.353466202257575,7.922120900512015,21.0,0,7.646533797742425,13.353466202257575,20.5,21.5
2768.0,13.15032874151301,13.352420397267005,7.9209609345878595,21.0,0,7.6475796027329945,13.352420397267005,20.5,21.5
2769.0,13.149282867951625,13.351374569402703,7.919801075671141,21.0,0,7.648625430597297,13.351374569402703,20.5,21.5
2770.0,13.14823697159317,13.350328718690012,7.918641325332142,21.0,0,7.649671281309988,13.350328718690012,20.5,21.5
2771.0,13.147191052463917,13.34928284515459,7.917481685140995,21.0,0,7.65071715484541,13.34928284515459,20.5,21.5
2772.0,13.146145110590453,13.348236948822409,7.916322156667685,21.0,0,7.651763051177591,13.348236948822409,20.5,21.5
2773.0,13.145099145999668,13.347191029719742,7.915162741482045,21.0,0,7.652808970280258,13.347191029719742,20.5,21.5
2774.0,13.144053158718764,13.346145087873168,7.914003441153756,21.0,0,7.653854912126832,13.346145087873168,20.5,21.5
2775.0,13.14300714877525,13.345099123309586,7.912844257252342,21.0,0,7.654900876690414,13.345099123309586,20.5,21.5
2776.0,13.141961116196946,13.344053136056193,7.91168519134717,21.0,0,7.655946863943807,13.344053136056193,20.5,21.5
2777.0,13.140915061011976,13.343007126140495,7.910526245007447,21.0,0,7.6569928738595046,13.343007126140495,20.5,21.5
2778.0,13.139868983248775,13.341961093590317,7.90936741980222,21.0,0,7.658038906409683,13.341961093590317,20.5,21.5
2779.0,13.138822882936086,13.340915038433781,7.908208717300369,21.0,0,7.659084961566219,13.340915038433781,20.5,21.5
2780.0,13.137776760102959,13.339868960699324,7.907050139070608,21.0,0,7.660131039300676,13.339868960699324,20.5,21.5
2781.0,13.136730614778752,13.338822860415686,7.9058916866814855,21.0,0,7.661177139584314,13.338822860415686,20.5,21.5
2782.0,13.135684446993134,13.337776737611918,7.904733361701378,21.0,0,7.662223262388082,13.337776737611918,20.5,21.5
2783.0,13.134638256776075,13.336730592317377,7.9035751656984905,21.0,0,7.663269407682623,13.336730592317377,20.5,21.5
2784.0,13.13359204415786,13.33568442456173,7.902417100240851,21.0,0,7.66431557543827,13.33568442456173,20.5,21.5
2785.0,13.132545809169077,13.334638234374955,7.901259166896312,21.0,0,7.665361765625045,13.334638234374955,20.5,21.5
2786.0,13.131499551840623,13.33359202178733,7.9001013672325495,21.0,0,7.6664079782126695,13.33359202178733,20.5,21.5
2787.0,13.1304532722037,13.332545786829446,7.8989437028170535,21.0,0,7.667454213170554,13.332545786829446,20.5,21.5
2788.0,13.129406970289823,13.331499529532195,7.897786175217136,21.0,0,7.668500470467805,13.331499529532195,20.5,21.5
2789.0,13.128360646130808,13.330453249926785,7.896628785999922,21.0,0,7.669546750073215,13.330453249926785,20.5,21.5
2790.0,13.127314299758782,13.329406948044726,7.895471536732347,21.0,0,7.670593051955274,13.329406948044726,20.5,21.5
2791.0,13.126267931206176,13.328360623917836,7.8943144289811595,21.0,0,7.6716393760821635,13.328360623917836,20.5,21.5
2792.0,13.12522154050573,13.327314277578244,7.893157464312915,21.0,0,7.672685722421756,13.327314277578244,20.5,21.5
2793.0,13.124175127690492,13.326267909058378,7.892000644293977,21.0,0,7.673732090941622,13.326267909058378,20.5,21.5
2794.0,13.123128692793813,13.32522151839098,7.890843970490512,21.0,0,7.674778481609019,13.32522151839098,20.5,21.5
2795.0,13.122082235849351,13.324175105609095,7.889687444468489,21.0,0,7.675824894390905,13.324175105609095,20.5,21.5
2796.0,13.121035756891075,13.323128670746076,7.888531067793675,21.0,0,7.676871329253924,13.323128670746076,20.5,21.5
2797.0,13.119989255953255,13.32208221383558,7.887374842031637,21.0,0,7.67791778616442,13.32208221383558,20.5,21.5
2798.0,13.11894273307047,13.321035734911575,7.886218768747738,21.0,0,7.678964265088425,13.321035734911575,20.5,21.5
2799.0,13.117896188277607,13.319989234008332,7.8850628495071335,21.0,0,7.680010765991668,13.319989234008332,20.5,21.5
2800.0,13.116849621609854,13.318942711160432,7.88390708587477,21.0,0,7.681057288839568,13.318942711160432,20.5,21.5
2801.0,13.115803033102706,13.317896166402758,7.882751479415385,21.0,0,7.6821038335972425,13.317896166402758,20.5,21.5
2802.0,13.114756422791968,13.316849599770501,7.881596031693499,21.0,0,7.683150400229499,13.316849599770501,20.5,21.5
2803.0,13.113709790713749,13.315803011299156,7.880440744273424,21.0,0,7.684196988700844,13.315803011299156,20.5,21.5
2804.0,13.11266313690446,13.314756401024528,7.879285618719251,21.0,0,7.685243598975472,13.314756401024528,20.5,21.5
2805.0,13.111616461400823,13.313709768982722,7.878130656594853,21.0,0,7.686290231017278,13.313709768982722,20.5,21.5
2806.0,13.110569764239862,13.312663115210151,7.8769758594638795,21.0,0,7.687336884789849,13.312663115210151,20.5,21.5
2807.0,13.109523045458907,13.311616439743537,7.87582122888976,21.0,0,7.688383560256463,13.311616439743537,20.5,21.5
2808.0,13.108476305095593,13.310569742619908,7.874666766435696,21.0,0,7.689430257380092,13.310569742619908,20.5,21.5
2809.0,13.10742954318786,13.309523023876588,7.873512473664663,21.0,0,7.690476976123412,13.309523023876588,20.5,21.5
2810.0,13.106382759773956,13.308476283551215,7.872358352139405,21.0,0,7.691523716448785,13.308476283551215,20.5,21.5
2811.0,13.105335954892428,13.30742952168173,7.871204403422438,21.0,0,7.69257047831827,13.30742952168173,20.5,21.5
2812.0,13.104289128582135,13.306382738306374,7.8700506290760375,21.0,0,7.6936172616936265,13.306382738306374,20.5,21.5
2813.0,13.103242280882233,13.3053359334637,7.868897030662249,21.0,0,7.6946640665362995,13.3053359334637,20.5,21.5
2814.0,13.10219541183219,13.304289107192565,7.8677436097428775,21.0,0,7.695710892807435,13.304289107192565,20.5,21.5
2815.0,13.101148521471773,13.30324225953213,7.866590367879487,21.0,0,7.69675774046787,13.30324225953213,20.5,21.5
2816.0,13.100101609841055,13.302195390521854,7.865437306633401,21.0,0,7.697804609478146,13.302195390521854,20.5,21.5
2817.0,13.099054676980414,13.30114850020151,7.864284427565695,21.0,0,7.69885149979849,13.30114850020151,20.5,21.5
2818.0,13.09800772293053,13.30010158861117,7.863131732237203,21.0,0,7.69989841138883,13.30010158861117,20.5,21.5
2819.0,13.096960747732393,13.29905465579121,7.861979222208506,21.0,0,7.70094534420879,13.29905465579121,20.5,21.5
2820.0,13.095913751427288,13.298007701782314,7.860826899039934,21.0,0,7.701992298217686,13.298007701782314,20.5,21.5
2821.0,13.09486673405681,13.296960726625466,7.859674764291569,21.0,0,7.703039273374534,13.296960726625466,20.5,21.5
2822.0,13.093819695662857,13.295913730361955,7.858522819523231,21.0,0,7.704086269638045,13.295913730361955,20.5,21.5
2823.0,13.092772636287629,13.294866713033372,7.857371066294489,21.0,0,7.705133286966628,13.294866713033372,20.5,21.5
2824.0,13.09172555597363,13.293819674681618,7.856219506164647,21.0,0,7.706180325318382,13.293819674681618,20.5,21.5
2825.0,13.090678454763669,13.292772615348891,7.855068140692754,21.0,0,7.707227384651109,13.292772615348891,20.5,21.5
2826.0,13.089631332700854,13.291725535077699,7.853916971437588,21.0,0,7.708274464922301,13.291725535077699,20.5,21.5
2827.0,13.088584189828602,13.290678433910847,7.852765999957668,21.0,0,7.709321566089153,13.290678433910847,20.5,21.5
2828.0,13.087537026190628,13.289631311891446,7.851615227811243,21.0,0,7.710368688108554,13.289631311891446,20.5,21.5
2829.0,13.086489841830952,13.288584169062911,7.850464656556291,21.0,0,7.711415830937089,13.288584169062911,20.5,21.5
2830.0,13.085442636793896,13.287537005468957,7.849314287750517,21.0,0,7.712462994531043,13.287537005468957,20.5,21.5
2831.0,13.084395411124088,13.286489821153605,7.8481641229513555,21.0,0,7.713510178846395,13.286489821153605,20.5,21.5
2832.0,13.083348164866454,13.285442616161177,7.847014163715961,21.0,0,7.714557383838823,13.285442616161177,20.5,21.5
2833.0,13.082300898066224,13.284395390536298,7.845864411601215,21.0,0,7.715604609463702,13.284395390536298,20.5,21.5
2834.0,13.08125361076893,13.283348144323892,7.844714868163712,21.0,0,7.716651855676108,13.283348144323892,20.5,21.5
2835.0,13.08020630302041,13.282300877569195,7.843565534959769,21.0,0,7.717699122430805,13.282300877569195,20.5,21.5
2836.0,13.079158974866797,13.281253590317737,7.842416413545416,21.0,0,7.718746409682263,13.281253590317737,20.5,21.5
2837.0,13.078111626354533,13.280206282615353,7.841267505476396,21.0,0,7.719793717384647,13.280206282615353,20.5,21.5
2838.0,13.077064257530356,13.27915895450818,7.840118812308165,21.0,0,7.72084104549182,13.27915895450818,20.5,21.5
2839.0,13.076016868441311,13.278111606042657,7.838970335595887,21.0,0,7.721888393957343,13.278111606042657,20.5,21.5
2840.0,13.074969459134742,13.277064237265524,7.837822076894433,21.0,0,7.722935762734476,13.277064237265524,20.5,21.5
2841.0,13.073922029658293,13.276016848223822,7.836674037758378,21.0,0,7.723983151776178,13.276016848223822,20.5,21.5
2842.0,13.072874580059914,13.274969438964899,7.835526219742001,21.0,0,7.725030561035101,13.274969438964899,20.5,21.5
2843.0,13.07182711038785,13.273922009536397,7.834378624399282,21.0,0,7.726077990463603,13.273922009536397,20.5,21.5
2844.0,13.070779620690653,13.272874559986263,7.833231253283898,21.0,0,7.727125440013737,13.272874559986263,20.5,21.5
2845.0,13.06973211101717,13.271827090362748,7.832084107949223,21.0,0,7.728172909637252,13.271827090362748,20.5,21.5
2846.0,13.068684581416557,13.2707796007144,7.830937189948326,21.0,0,7.7292203992856,13.2707796007144,20.5,21.5
2847.0,13.067637031938263,13.269732091090072,7.829790500833967,21.0,0,7.730267908909928,13.269732091090072,20.5,21.5
2848.0,13.066589462632042,13.26868456153891,7.828644042158598,21.0,0,7.73131543846109,13.26868456153891,20.5,21.5
2849.0,13.065541873547946,13.26763701211037,7.8274978154743575,21.0,0,7.73236298788963,13.26763701211037,20.5,21.5
2850.0,13.064494264736332,13.266589442854201,7.82635182233307,21.0,0,7.733410557145799,13.266589442854201,20.5,21.5
2851.0,13.063446636247852,13.26554185382046,7.8252060642862435,21.0,0,7.73445814617954,13.26554185382046,20.5,21.5
2852.0,13.06239898813346,13.264494245059499,7.82406054288507,21.0,0,7.735505754940501,13.264494245059499,20.5,21.5
2853.0,13.061351320444409,13.263446616621971,7.822915259680417,21.0,0,7.736553383378029,13.263446616621971,20.5,21.5
2854.0,13.060303633232255,13.262398968558832,7.821770216222833,21.0,0,7.737601031441168,13.262398968558832,20.5,21.5
2855.0,13.059255926548854,13.261351300921337,7.820625414062543,21.0,0,7.738648699078663,13.261351300921337,20.5,21.5
2856.0,13.058208200446357,13.260303613761039,7.8194808547494405,21.0,0,7.739696386238961,13.260303613761039,20.5,21.5
2857.0,13.057160454977218,13.259255907129793,7.818336539833093,21.0,0,7.740744092870207,13.259255907129793,20.5,21.5
2858.0,13.056112690194189,13.258208181079748,7.8171924708627385,21.0,0,7.741791818920252,13.258208181079748,20.5,21.5
2859.0,13.055064906150323,13.257160435663362,7.81604864938728,21.0,0,7.742839564336638,13.257160435663362,20.5,21.5
2860.0,13.05401710289897,13.256112670933385,7.814905076955285,21.0,0,7.743887329066615,13.256112670933385,20.5,21.5
2861.0,13.05296928049378,13.255064886942867,7.813761755114987,21.0,0,7.744935113057133,13.255064886942867,20.5,21.5
2862.0,13.051921438988705,13.254017083745163,7.812618685414276,21.0,0,7.745982916254837,13.254017083745163,20.5,21.5
2863.0,13.05087357843799,13.252969261393924,7.811475869400703,21.0,0,7.747030738606076,13.252969261393924,20.5,21.5
2864.0,13.049825698896182,13.251921419943097,7.810333308621475,21.0,0,7.748078580056903,13.251921419943097,20.5,21.5
2865.0,13.048777800418128,13.250873559446926,7.809191004623456,21.0,0,7.7491264405530735,13.250873559446926,20.5,21.5
2866.0,13.047729883058969,13.249825679959963,7.808048958953157,21.0,0,7.750174320040037,13.249825679959963,20.5,21.5
2867.0,13.046681946874147,13.248777781537052,7.806907173156744,21.0,0,7.751222218462948,13.248777781537052,20.5,21.5
2868.0,13.045633991919404,13.247729864233335,7.805765648780028,21.0,0,7.752270135766665,13.247729864233335,20.5,21.5
2869.0,13.044586018250776,13.246681928104255,7.804624387368469,21.0,0,7.753318071895745,13.246681928104255,20.5,21.5
2870.0,13.0435380259246,13.245633973205548,7.80348339046717,21.0,0,7.754366026794452,13.245633973205548,20.5,21.5
2871.0,13.042490014997508,13.244585999593259,7.802342659620874,21.0,0,7.755414000406741,13.244585999593259,20.5,21.5
2872.0,13.041441985526433,13.243538007323716,7.801202196373966,21.0,0,7.756461992676284,13.243538007323716,20.5,21.5
2873.0,13.040393937568602,13.242489996453553,7.800062002270467,21.0,0,7.757510003546447,13.242489996453553,20.5,21.5
2874.0,13.039345871181542,13.241441967039709,7.798922078854035,21.0,0,7.758558032960291,13.241441967039709,20.5,21.5
2875.0,13.038297786423076,13.240393919139404,7.797782427667962,21.0,0,7.759606080860596,13.240393919139404,20.5,21.5
2876.0,13.037249683351325,13.23934585281017,7.796643050255169,21.0,0,7.760654147189831,13.23934585281017,20.5,21.5
2877.0,13.036201562024706,13.238297768109822,7.79550394815821,21.0,0,7.761702231890178,13.238297768109822,20.5,21.5
2878.0,13.035153422501933,13.23724966509649,7.794365122919262,21.0,0,7.76275033490351,13.23724966509649,20.5,21.5
2879.0,13.034105264842017,13.236201543828585,7.79322657608013,21.0,0,7.763798456171415,13.236201543828585,20.5,21.5
2880.0,13.033057089104265,13.235153404364823,7.79208830918224,21.0,0,7.764846595635177,13.235153404364823,20.5,21.5
2881.0,13.03200889534828,13.234105246764212,7.790950323766643,21.0,0,7.765894753235788,13.234105246764212,20.5,21.5
2882.0,13.030960683633964,13.233057071086066,7.789812621374006,21.0,0,7.7669429289139345,13.233057071086066,20.5,21.5
2883.0,13.029912454021511,13.232008877389982,7.788675203544612,21.0,0,7.7679911226100185,13.232008877389982,20.5,21.5
2884.0,13.028864206571416,13.23096066573586,7.787538071818359,21.0,0,7.769039334264139,13.23096066573586,20.5,21.5
2885.0,13.027815941344466,13.2299124361839,7.78640122773476,21.0,0,7.7700875638161,13.2299124361839,20.5,21.5
2886.0,13.026767658401743,13.228864188794592,7.785264672832937,21.0,0,7.771135811205408,13.228864188794592,20.5,21.5
2887.0,13.025719357804629,13.227815923628722,7.78412840865162,21.0,0,7.772184076371278,13.227815923628722,20.5,21.5
2888.0,13.024671039614798,13.226767640747378,7.782992436729147,21.0,0,7.7732323592526225,13.226767640747378,20.5,21.5
2889.0,13.02362270389422,13.225719340211938,7.781856758603458,21.0,0,7.774280659788062,13.225719340211938,20.5,21.5
2890.0,13.022574350705163,13.224671022084078,7.780721375812097,21.0,0,7.7753289779159225,13.224671022084078,20.5,21.5
2891.0,13.021525980110185,13.223622686425767,7.779586289892208,21.0,0,7.776377313574233,13.223622686425767,20.5,21.5
2892.0,13.020477592172142,13.222574333299269,7.778451502380532,21.0,0,7.777425666700731,13.222574333299269,20.5,21.5
2893.0,13.019429186954184,13.221525962767146,7.777317014813409,21.0,0,7.778474037232854,13.221525962767146,20.5,21.5
2894.0,13.018380764519756,13.220477574892252,7.776182828726769,21.0,0,7.779522425107748,13.220477574892252,20.5,21.5
2895.0,13.017332324932598,13.21942916973774,7.775048945656135,21.0,0,7.78057083026226,13.21942916973774,20.5,21.5
2896.0,13.016283868256743,13.21838074736705,7.773915367136621,21.0,0,7.78161925263295,13.21838074736705,20.5,21.5
2897.0,13.015235394556518,13.217332307843924,7.7727820947029285,21.0,0,7.7826676921560765,13.217332307843924,20.5,21.5
2898.0,13.014186903896547,13.216283851232395,7.771649129889344,21.0,0,7.7837161487676045,13.216283851232395,20.5,21.5
2899.0,13.013138396341747,13.215235377596795,7.770516474229738,21.0,0,7.784764622403205,13.215235377596795,20.5,21.5
2900.0,13.012089871957324,13.21418688700174,7.76938412925756,21.0,0,7.785813112998261,13.21418688700174,20.5,21.5
2901.0,13.011041330808784,13.213138379512149,7.768252096505843,21.0,0,7.786861620487851,13.213138379512149,20.5,21.5
2902.0,13.009992772961922,13.21208985519323,7.767120377507194,21.0,0,7.787910144806769,13.21208985519323,20.5,21.5
2903.0,13.008944198482832,13.211041314110485,7.765988973793798,21.0,0,7.788958685889515,13.211041314110485,20.5,21.5
2904.0,13.007895607437893,13.209992756329715,7.76485788689741,21.0,0,7.790007243670285,13.209992756329715,20.5,21.5
2905.0,13.006846999893785,13.208944181917008,7.763727118349359,21.0,0,7.791055818082992,13.208944181917008,20.5,21.5
2906.0,13.005798375917475,13.207895590938747,7.762596669680541,21.0,0,7.792104409061253,13.207895590938747,20.5,21.5
2907.0,13.004749735576228,13.206846983461608,7.761466542421419,21.0,0,7.793153016538392,13.206846983461608,20.5,21.5
2908.0,13.003701078937597,13.205798359552563,7.760336738102023,21.0,0,7.794201640447437,13.205798359552563,20.5,21.5
2909.0,13.00265240606943,13.20474971927887,7.759207258251943,21.0,0,7.795250280721129,13.20474971927887,20.5,21.5
2910.0,13.001603717039867,13.203701062708088,7.758078104400332,21.0,0,7.796298937291912,13.203701062708088,20.5,21.5
2911.0,13.000555011917339,13.202652389908058,7.756949278075901,21.0,0,7.797347610091942,13.202652389908058,20.5,21.5
2912.0,12.99950629077057,13.201603700946928,7.755820780806915,21.0,0,7.798396299053072,13.201603700946928,20.5,21.5
2913.0,12.998457553668578,13.200554995893123,7.754692614121198,21.0,0,7.799445004106877,13.200554995893123,20.5,21.5
2914.0,12.997408800680669,13.199506274815368,7.753564779546122,21.0,0,7.800493725184632,13.199506274815368,20.5,21.5
2915.0,12.996360031876442,13.198457537782684,7.752437278608614,21.0,0,7.801542462217316,13.198457537782684,20.5,21.5
2916.0,12.99531124732579,13.197408784864376,7.751310112835146,21.0,0,7.8025912151356245,13.197408784864376,20.5,21.5
2917.0,12.99426244709889,13.19636001613004,7.750183283751736,21.0,0,7.80363998386996,13.19636001613004,20.5,21.5
2918.0,12.99321363126622,13.195311231649569,7.749056792883947,21.0,0,7.804688768350431,13.195311231649569,20.5,21.5
2919.0,12.992164799898545,13.194262431493147,7.747930641756886,21.0,0,7.805737568506853,13.194262431493147,20.5,21.5
2920.0,12.991115953066917,13.193213615731242,7.746804831895198,21.0,0,7.806786384268758,13.193213615731242,20.5,21.5
2921.0,12.990067090842683,13.19216478443462,7.745679364823067,21.0,0,7.80783521556538,13.19216478443462,20.5,21.5
2922.0,12.989018213297479,13.191115937674336,7.7445542420642095,21.0,0,7.808884062325664,13.191115937674336,20.5,21.5
2923.0,12.987969320503232,13.190067075521739,7.743429465141881,21.0,0,7.809932924478261,13.190067075521739,20.5,21.5
2924.0,12.986920412532161,13.189018198048462,7.742305035578866,21.0,0,7.810981801951538,13.189018198048462,20.5,21.5
2925.0,12.98587148945677,13.187969305326433,7.741180954897479,21.0,0,7.812030694673567,13.187969305326433,20.5,21.5
2926.0,12.984822551349858,13.186920397427865,7.740057224619562,21.0,0,7.8130796025721345,13.186920397427865,20.5,21.5
2927.0,12.983773598284511,13.185871474425275,7.738933846266485,21.0,0,7.814128525574725,13.185871474425275,20.5,21.5
2928.0,12.982724630334108,13.18482253639145,7.737810821359135,21.0,0,7.815177463608549,13.18482253639145,20.5,21.5
2929.0,12.981675647572313,13.18377358339948,7.736688151417929,21.0,0,7.81622641660052,13.18377358339948,20.5,21.5
2930.0,12.980626650073082,13.18272461552274,7.735565837962798,21.0,0,7.817275384477259,13.18272461552274,20.5,21.5
2931.0,12.97957763791066,13.181675632834901,7.734443882513191,21.0,0,7.818324367165099,13.181675632834901,20.5,21.5
2932.0,12.97852861115958,13.180626635409913,7.733322286588074,21.0,0,7.819373364590087,13.180626635409913,20.5,21.5
2933.0,12.977479569894665,13.179577623322027,7.732201051705926,21.0,0,7.820422376677973,13.179577623322027,20.5,21.5
2934.0,12.976430514191028,13.178528596645771,7.731080179384734,21.0,0,7.821471403354229,13.178528596645771,20.5,21.5
2935.0,12.975381444124066,13.17747955545597,7.729959671142,21.0,0,7.822520444544031,13.17747955545597,20.5,21.5
2936.0,12.97433235976947,13.176430499827731,7.728839528494726,21.0,0,7.823569500172269,13.176430499827731,20.5,21.5
2937.0,12.973283261203214,13.175381429836458,7.727719752959426,21.0,0,7.824618570163542,13.175381429836458,20.5,21.5
2938.0,12.972234148501565,13.174332345557838,7.726600346052112,21.0,0,7.825667654442162,13.174332345557838,20.5,21.5
2939.0,12.971185021741075,13.173283247067848,7.725481309288299,21.0,0,7.8267167529321515,13.173283247067848,20.5,21.5
2940.0,12.970135880998585,13.172234134442752,7.724362644183001,21.0,0,7.827765865557248,13.172234134442752,20.5,21.5
2941.0,12.969086726351222,13.171185007759103,7.723244352250728,21.0,0,7.828814992240897,13.171185007759103,20.5,21.5
2942.0,12.968037557876402,13.170135867093743,7.722126435005485,21.0,0,7.829864132906257,13.170135867093743,20.5,21.5
2943.0,12.966988375651827,13.169086712523796,7.7210088939607715,21.0,0,7.8309132874762035,13.169086712523796,20.5,21.5
2944.0,12.96593917975549,13.16803754412668,7.719891730629573,21.0,0,7.83196245587332,13.16803754412668,20.5,21.5
2945.0,12.964889970265665,13.166988361980094,7.71877494652437,21.0,0,7.833011638019906,13.166988361980094,20.5,21.5
2946.0,12.963840747260916,13.165939166162033,7.717658543157124,21.0,0,7.834060833837967,13.165939166162033,20.5,21.5
2947.0,12.962791510820095,13.164889956750773,7.716542522039284,21.0,0,7.835110043249227,13.164889956750773,20.5,21.5
2948.0,12.961742261022339,13.163840733824875,7.715426884681781,21.0,0,7.836159266175125,13.163840733824875,20.5,21.5
2949.0,12.96069299794707,13.162791497463193,7.7143116325950265,21.0,0,7.837208502536807,13.162791497463193,20.5,21.5
2950.0,12.959643721674,13.16174224774486,7.71319676728891,21.0,0,7.83825775225514,13.16174224774486,20.5,21.5
2951.0,12.958594432283123,13.1606929847493,7.7120822902727975,21.0,0,7.8393070152507,13.1606929847493,20.5,21.5
2952.0,12.95754512985472,13.159643708556226,7.710968203055528,21.0,0,7.840356291443774,13.159643708556226,20.5,21.5
2953.0,12.95649581446936,13.158594419245627,7.709854507145417,21.0,0,7.8414055807543726,13.158594419245627,20.5,21.5
2954.0,12.955446486207896,13.157545116897793,7.708741204050245,21.0,0,7.8424548831022065,13.157545116897793,20.5,21.5
2955.0,12.954397145151464,13.156495801593286,7.707628295277264,21.0,0,7.843504198406714,13.156495801593286,20.5,21.5
2956.0,12.95334779138149,13.15544647341296,7.70651578233319,21.0,0,7.84455352658704,13.15544647341296,20.5,21.5
2957.0,12.952298424979679,13.15439713243795,7.705403666724205,21.0,0,7.84560286756205,13.15439713243795,20.5,21.5
2958.0,12.951249046028028,13.153347778749685,7.7042919499559535,21.0,0,7.846652221250315,13.153347778749685,20.5,21.5
2959.0,12.950199654608815,13.152298412429868,7.703180633533536,21.0,0,7.847701587570132,13.152298412429868,20.5,21.5
2960.0,12.9491502508046,13.151249033560495,7.702069718961519,21.0,0,7.848750966439505,13.151249033560495,20.5,21.5
2961.0,12.94810083469823,13.150199642223843,7.700959207743914,21.0,0,7.849800357776157,13.150199642223843,20.5,21.5
2962.0,12.94705140637284,13.149150238502475,7.699849101384195,21.0,0,7.850849761497525,13.149150238502475,20.5,21.5
2963.0,12.946001965911842,13.148100822479236,7.698739401385284,21.0,0,7.851899177520764,13.148100822479236,20.5,21.5
2964.0,12.944952513398936,13.14705139423726,7.697630109249555,21.0,0,7.852948605762739,13.14705139423726,20.5,21.5
2965.0,12.943903048918106,13.146001953859962,7.69652122647883,21.0,0,7.853998046140038,13.146001953859962,20.5,21.5
2966.0,12.942853572553618,13.14495250143104,7.695412754574373,21.0,0,7.855047498568959,13.14495250143104,20.5,21.5
2967.0,12.941804084390022,13.143903037034477,7.6943046950368945,21.0,0,7.856096962965523,13.143903037034477,20.5,21.5
2968.0,12.94075458451215,13.14285356075454,7.693197049366548,21.0,0,7.85714643924546,13.14285356075454,20.5,21.5
2969.0,12.939705073005122,13.141804072675777,7.692089819062923,21.0,0,7.858195927324223,13.141804072675777,20.5,21.5
2970.0,12.938655549954333,13.140754572883022,7.6909830056250525,21.0,0,7.859245427116978,13.140754572883022,20.5,21.5
2971.0,12.937606015445468,13.139705061461393,7.689876610551399,21.0,0,7.8602949385386065,13.139705061461393,20.5,21.5
2972.0,12.936556469564488,13.138655538496286,7.688770635339861,21.0,0,7.861344461503714,13.138655538496286,20.5,21.5
2973.0,12.935506912397644,13.137606004073385,7.687665081487768,21.0,0,7.862393995926615,13.137606004073385,20.5,21.5
2974.0,12.934457344031461,13.136556458278653,7.686559950491881,21.0,0,7.863443541721347,13.136556458278653,20.5,21.5
2975.0,12.933407764552753,13.135506901198337,7.685455243848386,21.0,0,7.864493098801663,13.135506901198337,20.5,21.5
2976.0,12.93235817404861,13.134457332918965,7.684350963052898,21.0,0,7.865542667081035,13.134457332918965,20.5,21.5
2977.0,12.931308572606412,13.13340775352735,7.683247109600451,21.0,0,7.866592246472649,13.13340775352735,20.5,21.5
2978.0,12.930258960313811,13.132358163110585,7.682143684985502,21.0,0,7.867641836889415,13.132358163110585,20.5,21.5
2979.0,12.929209337258746,13.13130856175604,7.68104069070193,21.0,0,7.86869143824396,13.13130856175604,20.5,21.5
2980.0,12.928159703529435,13.130258949551376,7.679938128243029,21.0,0,7.869741050448624,13.130258949551376,20.5,21.5
2981.0,12.927110059214378,13.12920932658453,7.678835999101507,21.0,0,7.8707906734154705,13.12920932658453,20.5,21.5
2982.0,12.926060404402355,13.128159692943717,7.67773430476949,21.0,0,7.871840307056283,13.128159692943717,20.5,21.5
2983.0,12.925010739182428,13.12711004871744,7.676633046738509,21.0,0,7.872889951282559,13.12711004871744,20.5,21.5
2984.0,12.923961063643938,13.126060393994479,7.675532226499509,21.0,0,7.873939606005521,13.126060393994479,20.5,21.5
2985.0,12.92291137787651,13.125010728863893,7.674431845542843,21.0,0,7.874989271136107,13.125010728863893,20.5,21.5
2986.0,12.921861681970043,13.123961053415027,7.673331905358266,21.0,0,7.876038946584973,13.123961053415027,20.5,21.5
2987.0,12.92081197601472,13.122911367737501,7.6722324074349375,21.0,0,7.877088632262499,13.122911367737501,20.5,21.5
2988.0,12.919762260101004,13.121861671921215,7.671133353261417,21.0,0,7.878138328078785,13.121861671921215,20.5,21.5
2989.0,12.918712534319637,13.120811966056356,7.670034744325666,21.0,0,7.8791880339436435,13.120811966056356,20.5,21.5
2990.0,12.917662798761638,13.119762250233384,7.668936582115042,21.0,0,7.880237749766616,13.119762250233384,20.5,21.5
2991.0,12.91661305351831,13.118712524543037,7.667838868116297,21.0,0,7.881287475456963,13.118712524543037,20.5,21.5
2992.0,12.91556329868123,13.117662789076338,7.666741603815576,21.0,0,7.882337210923662,13.117662789076338,20.5,21.5
2993.0,12.914513534342257,13.116613043924588,7.665644790698417,21.0,0,7.883386956075412,13.116613043924588,20.5,21.5
2994.0,12.913463760593528,13.115563289179367,7.664548430249745,21.0,0,7.8844367108206335,13.115563289179367,20.5,21.5
2995.0,12.912413977527459,13.114513524932528,7.6634525239538736,21.0,0,7.885486475067472,13.114513524932528,20.5,21.5
2996.0,12.911364185236744,13.113463751276214,7.662357073294501,21.0,0,7.886536248723786,13.113463751276214,20.5,21.5
2997.0,12.910314383814356,13.11241396830284,7.661262079754708,21.0,0,7.887586031697159,13.11241396830284,20.5,21.5
2998.0,12.909264573353544,13.111364176105099,7.660167544816959,21.0,0,7.8886358238949015,13.111364176105099,20.5,21.5
2999.0,12.908214753947837,13.110314374775959,7.659073469963094,21.0,0,7.8896856252240415,13.110314374775959,20.5,21.5
